labels 1 -1
1 0.992131 0.00786872
1 0.616468 0.383532
1 0.549618 0.450382
1 0.918747 0.0812535
1 0.761573 0.238427
-1 0.104908 0.895092
-1 0.0259306 0.974069
1 0.809591 0.190409
1 0.970592 0.0294082
-1 0.358317 0.641683
1 0.970094 0.0299064
-1 0.350301 0.649699
-1 0.163764 0.836236
-1 0.229189 0.770811
1 0.561336 0.438664
-1 0.00830121 0.991699
1 0.518935 0.481065
1 0.923763 0.0762373
-1 0.0447847 0.955215
1 0.875436 0.124564
1 0.994901 0.00509891
-1 0.139612 0.860388
-1 0.43703 0.56297
-1 0.327754 0.672246
-1 0.373412 0.626588
-1 0.00536746 0.994633
-1 0.278067 0.721933
-1 0.31568 0.68432
1 0.843706 0.156294
1 0.991757 0.00824319
-1 0.0406014 0.959399
1 0.748683 0.251317
-1 0.493962 0.506038
-1 0.332288 0.667712
-1 0.228966 0.771034
-1 0.186804 0.813196
-1 0.0475486 0.952451
1 0.948058 0.0519424
1 0.979766 0.020234
-1 0.396952 0.603048
-1 0.412062 0.587938
1 0.998246 0.00175419
-1 0.198856 0.801144
-1 0.0664655 0.933534
1 0.998854 0.00114583
1 0.705098 0.294902
1 0.731377 0.268623
1 0.914624 0.0853762
1 0.88807 0.11193
1 0.943298 0.0567024
-1 0.0441508 0.955849
-1 0.00114582 0.998854
-1 0.138435 0.861565
-1 0.371661 0.628339
-1 0.000918775 0.999081
-1 0.00339392 0.996606
-1 0.0152336 0.984766
-1 0.173705 0.826295
1 0.654923 0.345077
-1 0.0352645 0.964736
1 0.936623 0.0633771
1 0.830868 0.169132
-1 0.143918 0.856082
1 0.710581 0.289419
-1 0.499468 0.500532
-1 0.184958 0.815042
1 0.687919 0.312081
-1 0.229078 0.770922
1 0.996515 0.00348484
1 0.958191 0.0418094
-1 0.0079984 0.992002
1 0.907843 0.0921569
-1 0.356299 0.643701
-1 0.216826 0.783174
-1 0.19344 0.80656
-1 0.0104741 0.989526
1 0.768462 0.231538
1 0.894158 0.105842
-1 0.456241 0.543759
-1 0.177355 0.822645
1 0.922229 0.077771
1 0.698405 0.301595
1 0.68534 0.31466
-1 0.365073 0.634927
-1 0.264309 0.735691
1 0.933033 0.0669665
-1 0.0876276 0.912372
-1 0.255065 0.744935
1 0.988249 0.0117511
1 0.940231 0.0597686
-1 0.0456893 0.954311
-1 0.404093 0.595907
-1 0.152246 0.847754
-1 0.146614 0.853386
-1 0.227849 0.772151
1 0.747143 0.252857
-1 0.0128158 0.987184
1 0.973173 0.0268267
1 0.990684 0.00931615
-1 0.478033 0.521967
1 0.591989 0.408011
1 0.765427 0.234573
-1 0.421002 0.578998
-1 0.280595 0.719405
-1 0.00555543 0.994445
1 0.98808 0.0119195
1 0.911645 0.0883553
1 0.799432 0.200568
-1 0.162764 0.837236
-1 0.0951504 0.90485
1 0.825105 0.174895
1 0.950673 0.0493267
-1 0.221015 0.778985
-1 0.00990539 0.990095
-1 0.0270991 0.972901
-1 0.253083 0.746917
-1 0.01567 0.98433
1 0.991188 0.00881231
1 0.647907 0.352093
1 0.997349 0.0026511
-1 0.400163 0.599837
1 0.760166 0.239834
-1 0.352812 0.647188
-1 0.383106 0.616894
1 0.820121 0.179879
1 0.974585 0.0254149
1 0.534161 0.465839
1 0.569482 0.430518
-1 0.0130913 0.986909
1 0.600226 0.399774
1 0.541179 0.458821
-1 0.363655 0.636345
1 0.891109 0.108891
1 0.886748 0.113252
-1 0.0295908 0.970409
1 0.98548 0.0145204
-1 0.402849 0.597151
-1 0.0893618 0.910638
-1 2.99695e-05 0.99997
1 0.838382 0.161618
-1 0.112229 0.887771
1 0.990836 0.00916406
-1 0.0145801 0.98542
1 0.84777 0.15223
-1 0.353939 0.646061
1 0.983958 0.0160418
-1 0.039013 0.960987
1 0.768724 0.231276
-1 0.2582 0.7418
1 0.508189 0.491811
1 0.587435 0.412565
-1 0.0930016 0.906998
-1 0.23465 0.76535
-1 0.115742 0.884258
1 0.92048 0.0795202
-1 0.152966 0.847034
-1 0.478996 0.521004
1 0.972282 0.0277185
-1 0.43258 0.56742
-1 0.199758 0.800242
1 0.829481 0.170519
-1 0.00861309 0.991387
1 0.943836 0.0561638
-1 0.0793367 0.920663
-1 0.185125 0.814875
1 0.686847 0.313153
1 0.904563 0.0954372
1 0.824612 0.175388
1 0.822634 0.177366
1 0.7128 0.2872
-1 0.00600938 0.993991
-1 0.000163561 0.999836
1 0.772604 0.227396
1 0.835444 0.164556
-1 0.313242 0.686758
-1 0.484727 0.515273
-1 0.0441382 0.955862
-1 0.326826 0.673174
-1 0.0593568 0.940643
-1 0.00525676 0.994743
-1 0.00870815 0.991292
1 0.992531 0.00746859
1 0.9023 0.0976995
-1 0.210664 0.789336
-1 0.255744 0.744256
1 0.776707 0.223293
-1 0.0918608 0.908139
1 0.727108 0.272892
1 0.986501 0.0134987
1 0.692965 0.307035
-1 0.472065 0.527935
-1 0.257705 0.742295
-1 0.115613 0.884387
-1 0.00368261 0.996317
1 0.747508 0.252492
-1 0.353302 0.646698
1 0.962056 0.0379443
-1 0.0910422 0.908958
-1 0.0175357 0.982464
1 0.899863 0.100137
-1 0.0173522 0.982648
-1 0.00482522 0.995175
1 0.992269 0.00773119
-1 0.00595905 0.994041
1 0.82417 0.17583
1 0.71254 0.28746
-1 0.237826 0.762174
1 0.720646 0.279354
1 0.645648 0.354352
-1 0.0117309 0.988269
-1 0.374718 0.625282
1 0.972452 0.0275479
1 0.916361 0.0836387
1 0.98468 0.0153197
-1 0.0953105 0.904689
1 0.833682 0.166318
-1 0.0168349 0.983165
1 0.839862 0.160138
1 0.994725 0.00527475
1 0.95668 0.0433205
1 0.578504 0.421496
1 0.963805 0.0361954
-1 0.335735 0.664265
1 0.981838 0.0181619
1 0.606226 0.393774
-1 0.0926635 0.907337
1 0.960102 0.0398977
1 0.586344 0.413656
1 0.530319 0.469681
-1 0.0543636 0.945636
1 0.943466 0.0565341
-1 0.464818 0.535182
1 0.996111 0.00388919
-1 0.00414794 0.995852
-1 0.15882 0.84118
1 0.993634 0.00636604
-1 0.463877 0.536123
-1 0.0478724 0.952128
-1 0.0510716 0.948928
-1 0.000399719 0.9996
-1 0.0276622 0.972338
1 0.624498 0.375502
1 0.615008 0.384992
1 0.986628 0.0133725
1 0.955735 0.0442648
-1 0.0116997 0.9883
-1 0.050905 0.949095
-1 0.0291578 0.970842
-1 0.130896 0.869104
-1 0.460898 0.539102
-1 0.0342023 0.965798
-1 0.111886 0.888114
1 0.682011 0.317989
1 0.655661 0.344339
1 0.791899 0.208101
-1 0.42746 0.57254
-1 0.111494 0.888506
-1 0.424333 0.575667
1 0.985147 0.0148533
-1 0.297035 0.702965
-1 0.00862891 0.991371
-1 0.154784 0.845216
1 0.707411 0.292589
1 0.648337 0.351663
-1 0.0092278 0.990772
1 0.912955 0.0870449
-1 0.218954 0.781046
1 0.763888 0.236112
1 0.992452 0.00754753
-1 0.0575219 0.942478
1 0.819057 0.180943
1 0.734201 0.265799
1 0.973811 0.026189
1 0.980646 0.0193537
1 0.956118 0.0438817
1 0.739979 0.260021
-1 0.0181686 0.981831
-1 0.0023376 0.997662
1 0.849941 0.150059
-1 0.065023 0.934977
-1 0.00248853 0.997511
-1 0.0406061 0.959394
-1 0.277928 0.722072
-1 0.0641428 0.935857
-1 0.00462644 0.995374
-1 0.024094 0.975906
1 0.519773 0.480227
1 0.54968 0.45032
1 0.735791 0.264209
1 0.799158 0.200842
-1 0.451833 0.548167
-1 0.0988244 0.901176
-1 0.184329 0.815671
-1 0.0063681 0.993632
-1 0.00266078 0.997339
1 0.677516 0.322484
-1 0.00170309 0.998297
1 0.957723 0.042277
1 0.832091 0.167909
-1 0.00186174 0.998138
1 0.875224 0.124776
-1 0.00361127 0.996389
1 0.940598 0.0594017
-1 0.0507569 0.949243
-1 0.0459723 0.954028
-1 0.368737 0.631263
1 0.818279 0.181721
-1 0.000797668 0.999202
-1 0.328816 0.671184
1 0.50131 0.49869
-1 0.23483 0.76517
-1 0.425926 0.574074
1 0.882281 0.117719
-1 0.00132886 0.998671
-1 0.339148 0.660852
1 0.72732 0.27268
-1 0.287008 0.712992
1 0.876198 0.123802
1 0.760202 0.239798
-1 0.221449 0.778551
1 0.990879 0.00912085
-1 0.266874 0.733126
-1 0.00225219 0.997748
1 0.927185 0.0728155
1 0.777665 0.222335
1 0.994055 0.00594495
1 0.990648 0.00935173
-1 0.0989838 0.901016
1 0.941399 0.0586009
1 0.995569 0.0044313
-1 0.449532 0.550468
1 0.992479 0.00752096
-1 0.350619 0.649381
-1 0.103111 0.896889
-1 0.0408147 0.959185
1 0.999108 0.000892332
-1 0.05086 0.94914
-1 0.143333 0.856667
1 0.737068 0.262932
-1 0.116083 0.883917
-1 0.0162043 0.983796
1 0.955273 0.0447266
1 0.965309 0.0346905
-1 0.23589 0.76411
-1 0.00563194 0.994368
1 0.922511 0.0774886
-1 0.430232 0.569768
-1 0.206734 0.793266
-1 0.196813 0.803187
1 0.644334 0.355666
1 0.915762 0.0842378
1 0.724934 0.275066
-1 0.407584 0.592416
1 0.985626 0.0143743
1 0.992226 0.00777354
-1 0.0123145 0.987686
1 0.976431 0.0235686
-1 0.0694291 0.930571
1 0.923452 0.0765478
1 0.93748 0.0625204
-1 0.12864 0.87136
-1 0.00480118 0.995199
1 0.90136 0.09864
1 0.980604 0.0193962
-1 0.069143 0.930857
1 0.66604 0.33396
1 0.948182 0.0518182
-1 0.0534721 0.946528
1 0.832759 0.167241
-1 0.135603 0.864397
-1 0.156912 0.843088
-1 0.279486 0.720514
-1 0.0296136 0.970386
1 0.528076 0.471924
-1 0.421911 0.578089
-1 0.18008 0.81992
-1 0.0225258 0.977474
-1 0.132436 0.867564
1 0.533824 0.466176
-1 0.403429 0.596571
-1 0.398576 0.601424
1 0.939717 0.0602833
-1 0.349465 0.650535
-1 0.140763 0.859237
1 0.863323 0.136677
1 0.760891 0.239109
-1 0.0270783 0.972922
-1 0.0672972 0.932703
1 0.776922 0.223078
-1 0.00977291 0.990227
-1 0.000376829 0.999623
-1 0.0247339 0.975266
-1 0.472666 0.527334
-1 0.210333 0.789667
-1 0.00964195 0.990358
-1 0.0696516 0.930348
1 0.833138 0.166862
-1 0.0757253 0.924275
-1 0.0169253 0.983075
-1 0.000284641 0.999715
-1 0.00164443 0.998356
1 0.592796 0.407204
-1 0.00901659 0.990983
1 0.8444 0.1556
1 0.948491 0.0515092
-1 0.129968 0.870032
-1 0.175249 0.824751
1 0.866775 0.133225
-1 0.177489 0.822511
1 0.816765 0.183235
-1 0.00300065 0.996999
1 0.977324 0.0226763
-1 0.397398 0.602602
-1 0.0580874 0.941913
1 0.993763 0.00623672
-1 0.14605 0.85395
-1 0.00174311 0.998257
1 0.948144 0.0518562
1 0.994297 0.00570325
-1 0.00299081 0.997009
-1 0.00294438 0.997056
-1 0.346526 0.653474
1 0.604571 0.395429
-1 0.104108 0.895892
1 0.953847 0.0461535
1 0.974917 0.0250825
-1 0.317115 0.682885
1 0.96047 0.0395304
1 0.961849 0.0381514
1 0.965969 0.0340307
1 0.746169 0.253831
1 0.766089 0.233911
-1 0.0932978 0.906702
-1 0.0966991 0.903301
-1 0.123015 0.876985
-1 0.256938 0.743062
-1 0.122765 0.877235
1 0.573284 0.426716
-1 0.431641 0.568359
-1 0.00887166 0.991128
1 0.760081 0.239919
1 0.541665 0.458335
-1 0.04008 0.95992
-1 0.0115516 0.988448
1 0.852064 0.147936
-1 0.166803 0.833197
1 0.946065 0.0539353
-1 0.337556 0.662444
1 0.985827 0.0141727
1 0.916354 0.083646
1 0.56789 0.43211
1 0.828696 0.171304
-1 0.0535417 0.946458
-1 0.0240861 0.975914
-1 0.038251 0.961749
-1 0.470755 0.529245
1 0.972317 0.0276834
1 0.892288 0.107712
-1 0.345644 0.654356
-1 0.125517 0.874483
1 0.948425 0.051575
-1 0.04212 0.95788
1 0.98661 0.0133904
-1 0.0104562 0.989544
1 0.829677 0.170323
-1 0.0310156 0.968984
1 0.961216 0.0387842
1 0.935955 0.064045
1 0.857049 0.142951
-1 0.00490019 0.9951
-1 0.454265 0.545735
-1 0.255362 0.744638
1 0.999751 0.000249023
-1 0.03056 0.96944
1 0.98609 0.0139101
1 0.751297 0.248703
-1 0.435151 0.564849
1 0.933309 0.0666914
-1 3.05777e-05 0.999969
1 0.95349 0.0465105
-1 0.257449 0.742551
-1 8.90616e-05 0.999911
-1 0.00604849 0.993952
-1 0.359782 0.640218
1 0.582717 0.417283
1 0.64096 0.35904
-1 0.384214 0.615786
1 0.936217 0.0637834
1 0.986282 0.0137181
1 0.802876 0.197124
1 0.637402 0.362598
-1 0.00334812 0.996652
-1 0.458294 0.541706
1 0.582487 0.417513
-1 0.428651 0.571349
1 0.70292 0.29708
1 0.993923 0.0060773
-1 0.110361 0.889639
1 0.972703 0.0272973
1 0.988122 0.0118781
1 0.720714 0.279286
1 0.66216 0.33784
1 0.997711 0.00228879
-1 0.403902 0.596098
1 0.913223 0.0867771
-1 0.00877387 0.991226
1 0.574315 0.425685
-1 0.0164231 0.983577
-1 0.475976 0.524024
-1 0.00478999 0.99521
-1 0.427746 0.572254
-1 0.1684 0.8316
1 0.595166 0.404834
1 0.921624 0.078376
1 0.88206 0.11794
-1 0.204343 0.795657
1 0.73382 0.26618
1 0.582583 0.417417
-1 0.128621 0.871379
-1 0.0155165 0.984483
1 0.996259 0.00374115
-1 0.221894 0.778106
1 0.986004 0.0139959
1 0.882037 0.117963
1 0.56479 0.43521
-1 0.0330819 0.966918
1 0.644496 0.355504
1 0.616741 0.383259
-1 0.0038381 0.996162
-1 0.0122393 0.987761
-1 0.242135 0.757865
1 0.729682 0.270318
-1 0.0518654 0.948135
-1 0.00403938 0.995961
-1 0.0929823 0.907018
1 0.734668 0.265332
-1 0.133149 0.866851
-1 0.179159 0.820841
1 0.617601 0.382399
-1 0.193773 0.806227
1 0.912681 0.0873191
1 0.898867 0.101133
-1 0.00562621 0.994374
1 0.73978 0.26022
1 0.998602 0.00139786
1 0.773172 0.226828
-1 0.0502792 0.949721
-1 0.0674458 0.932554
-1 0.000577373 0.999423
-1 0.166604 0.833396
1 0.990465 0.00953534
1 0.658671 0.341329
1 0.686405 0.313595
-1 0.19016 0.80984
1 0.696892 0.303108
1 0.746665 0.253335
-1 0.264191 0.735809
-1 0.00676155 0.993238
1 0.678754 0.321246
1 0.774053 0.225947
-1 0.386914 0.613086
1 0.857502 0.142498
1 0.995269 0.0047307
-1 0.203052 0.796948
-1 0.456276 0.543724
-1 0.0143721 0.985628
1 0.996156 0.00384444
-1 0.232952 0.767048
-1 0.435553 0.564447
1 0.73492 0.26508
-1 0.151385 0.848615
-1 0.425105 0.574895
-1 0.000751918 0.999248
-1 0.118398 0.881602
-1 0.0852605 0.914739
-1 0.344549 0.655451
1 0.788481 0.211519
-1 0.104917 0.895083
-1 0.0540826 0.945917
1 0.96333 0.0366701
1 0.57582 0.42418
1 0.896344 0.103656
1 0.952006 0.0479942
-1 0.00484359 0.995156
-1 0.237347 0.762653
-1 0.0185531 0.981447
1 0.959203 0.0407974
-1 0.00387436 0.996126
-1 0.22807 0.77193
1 0.791451 0.208549
-1 0.00389066 0.996109
-1 0.0211532 0.978847
1 0.989857 0.0101427
-1 0.141055 0.858945
-1 0.307318 0.692682
1 0.967709 0.0322913
-1 0.0325504 0.96745
1 0.559969 0.440031
-1 0.118046 0.881954
-1 0.0613829 0.938617
-1 0.41431 0.58569
1 0.973643 0.0263568
1 0.530847 0.469153
1 0.870954 0.129046
1 0.763595 0.236405
1 0.689637 0.310363
1 0.972614 0.0273862
1 0.959158 0.0408421
1 0.57013 0.42987
1 0.84432 0.15568
1 0.587941 0.412059
-1 0.49653 0.50347
-1 0.307413 0.692587
-1 0.425568 0.574432
-1 0.00462847 0.995372
1 0.546394 0.453606
1 0.960699 0.0393012
-1 0.0371273 0.962873
1 0.852095 0.147905
1 0.995821 0.00417868
1 0.990683 0.0093169
1 0.99403 0.00597027
-1 0.000232406 0.999768
1 0.696495 0.303505
1 0.814816 0.185184
1 0.546292 0.453708
-1 0.485723 0.514277
1 0.818328 0.181672
1 0.801175 0.198825
-1 0.200192 0.799808
1 0.93975 0.0602497
-1 0.151006 0.848994
-1 0.00426504 0.995735
-1 0.0667886 0.933211
-1 0.402342 0.597658
-1 0.207297 0.792703
-1 0.341718 0.658282
-1 0.0702511 0.929749
1 0.602836 0.397164
1 0.915694 0.0843055
-1 0.378289 0.621711
-1 0.353427 0.646573
1 0.985828 0.0141718
1 0.966251 0.0337491
-1 0.19995 0.80005
-1 0.0113933 0.988607
-1 0.346965 0.653035
1 0.90976 0.0902401
-1 0.0947665 0.905233
1 0.96473 0.0352698
-1 0.34993 0.65007
1 0.750049 0.249951
-1 0.047374 0.952626
1 0.934101 0.0658994
-1 0.103478 0.896522
1 0.506133 0.493867
-1 0.151339 0.848661
1 0.755811 0.244189
-1 0.0579648 0.942035
1 0.807538 0.192462
-1 0.269275 0.730725
1 0.85053 0.14947
-1 0.0398106 0.960189
1 0.795035 0.204965
-1 0.0137961 0.986204
1 0.991534 0.00846615
1 0.665152 0.334848
1 0.642055 0.357945
-1 0.0473293 0.952671
-1 0.00510148 0.994899
1 0.768214 0.231786
-1 0.00590083 0.994099
-1 0.131398 0.868602
1 0.501967 0.498033
-1 0.323451 0.676549
-1 0.00277659 0.997223
1 0.592771 0.407229
-1 0.00937435 0.990626
1 0.575702 0.424298
1 0.713045 0.286955
1 0.88751 0.11249
-1 0.232984 0.767016
-1 0.0432721 0.956728
1 0.698462 0.301538
-1 0.0567218 0.943278
-1 0.1425 0.8575
1 0.963368 0.0366322
1 0.816647 0.183353
-1 0.462355 0.537645
-1 0.0045082 0.995492
1 0.621205 0.378795
-1 0.230959 0.769041
1 0.963339 0.0366609
-1 0.0189548 0.981045
-1 0.257748 0.742252
-1 0.00308584 0.996914
1 0.999356 0.000644137
-1 0.0822025 0.917798
-1 0.480898 0.519102
-1 9.31404e-05 0.999907
-1 0.309734 0.690266
1 0.865919 0.134081
-1 0.252687 0.747313
-1 0.00127897 0.998721
-1 0.186 0.814
1 0.560992 0.439008
-1 0.00222721 0.997773
1 0.541313 0.458687
1 0.932122 0.0678775
-1 0.175044 0.824956
1 0.940227 0.0597732
-1 0.226649 0.773351
1 0.73314 0.26686
1 0.72153 0.27847
-1 0.408397 0.591603
-1 0.145868 0.854132
-1 0.397222 0.602778
-1 0.00927859 0.990721
-1 0.187726 0.812274
1 0.956961 0.0430387
-1 0.0440409 0.955959
1 0.887718 0.112282
1 0.845908 0.154092
1 0.912934 0.0870658
1 0.977196 0.0228041
-1 0.000725715 0.999274
-1 0.0957326 0.904267
1 0.898002 0.101998
1 0.612065 0.387935
-1 0.0280447 0.971955
-1 0.468458 0.531542
1 0.982835 0.0171653
1 0.955361 0.0446391
-1 0.229867 0.770133
1 0.965086 0.0349138
1 0.832112 0.167888
-1 0.00795861 0.992041
1 0.89288 0.10712
-1 0.436864 0.563136
1 0.904582 0.0954177
-1 0.366036 0.633964
-1 0.204061 0.795939
-1 0.108622 0.891378
1 0.866526 0.133474
-1 0.297771 0.702229
-1 0.0151166 0.984883
-1 0.2175 0.7825
-1 0.0672013 0.932799
-1 0.46747 0.53253
1 0.700041 0.299959
1 0.964165 0.0358349
-1 0.128661 0.871339
-1 0.278082 0.721918
-1 0.025155 0.974845
1 0.98078 0.0192202
1 0.913619 0.0863811
1 0.994286 0.00571362
-1 0.444797 0.555203
-1 0.21635 0.78365
1 0.505361 0.494639
1 0.912444 0.0875562
-1 0.185519 0.814481
-1 0.0850004 0.915
-1 0.208041 0.791959
1 0.521093 0.478907
-1 0.282622 0.717378
1 0.87119 0.12881
-1 0.0729311 0.927069
-1 0.0545341 0.945466
-1 0.0109978 0.989002
1 0.999162 0.000837708
-1 0.367833 0.632167
1 0.936489 0.0635112
-1 0.00867479 0.991325
1 0.679348 0.320652
-1 0.0782105 0.921789
1 0.9962 0.00380022
1 0.90463 0.0953705
-1 0.00635681 0.993643
1 0.873977 0.126023
1 0.963828 0.0361725
1 0.995111 0.00488902
-1 0.363583 0.636417
1 0.904645 0.0953545
-1 0.0431987 0.956801
-1 0.197573 0.802427
1 0.809945 0.190055
-1 0.169802 0.830198
1 0.895855 0.104145
1 0.900918 0.0990822
-1 0.161171 0.838829
1 0.808619 0.191381
1 0.630341 0.369659
1 0.975289 0.0247107
-1 0.122336 0.877664
1 0.980283 0.0197172
1 0.758207 0.241793
-1 0.048306 0.951694
-1 0.040076 0.959924
-1 0.121026 0.878974
1 0.959292 0.0407077
-1 0.0714898 0.92851
-1 0.330199 0.669801
1 0.794347 0.205653
-1 0.00294016 0.99706
-1 0.00171047 0.99829
1 0.92392 0.0760799
1 0.913421 0.0865792
1 0.776922 0.223078
-1 0.0927849 0.907215
1 0.674305 0.325695
-1 0.359401 0.640599
1 0.997137 0.00286253
-1 0.000354861 0.999645
-1 0.485513 0.514487
-1 0.366729 0.633271
1 0.631309 0.368691
-1 0.01999 0.98001
1 0.903623 0.0963768
-1 0.0608502 0.93915
-1 0.35494 0.64506
-1 0.326527 0.673473
-1 0.251476 0.748524
-1 0.0247265 0.975274
-1 0.462946 0.537054
-1 0.0570634 0.942937
-1 0.01046 0.98954
-1 0.35193 0.64807
1 0.968763 0.0312367
1 0.744747 0.255253
1 0.995927 0.00407339
1 0.721569 0.278431
1 0.713149 0.286851
-1 0.481735 0.518265
-1 0.110902 0.889098
1 0.890158 0.109842
-1 0.137692 0.862308
1 0.555331 0.444669
1 0.916803 0.0831967
-1 0.230954 0.769046
-1 0.325579 0.674421
1 0.995381 0.00461881
-1 0.440903 0.559097
-1 0.192575 0.807425
-1 0.247626 0.752374
-1 0.478134 0.521866
1 0.910558 0.0894415
-1 0.0053716 0.994628
-1 0.379586 0.620414
1 0.997239 0.00276085
1 0.744556 0.255444
-1 0.0199793 0.980021
-1 0.0362134 0.963787
-1 0.0010584 0.998942
-1 0.376652 0.623348
1 0.902519 0.0974811
1 0.998109 0.00189069
1 0.926933 0.073067
-1 0.0178158 0.982184
1 0.575753 0.424247
1 0.992829 0.00717061
1 0.874377 0.125623
-1 0.0120719 0.987928
-1 0.170893 0.829107
-1 0.398944 0.601056
1 0.520668 0.479332
-1 0.0695755 0.930425
-1 0.000484812 0.999515
1 0.980297 0.0197028
1 0.983781 0.0162193
1 0.60831 0.39169
1 0.995484 0.0045159
1 0.65822 0.34178
-1 0.234206 0.765794
-1 0.0805133 0.919487
1 0.943707 0.0562929
-1 0.31377 0.68623
-1 0.257519 0.742481
-1 0.18686 0.81314
-1 0.167048 0.832952
-1 0.245132 0.754868
1 0.621285 0.378715
-1 0.0637538 0.936246
-1 0.0109477 0.989052
-1 0.00545058 0.994549
-1 0.171893 0.828107
-1 0.00183293 0.998167
1 0.677726 0.322274
1 0.997931 0.00206947
-1 0.243513 0.756487
-1 0.00351808 0.996482
1 0.834869 0.165131
1 0.85645 0.14355
-1 0.0973773 0.902623
1 0.887411 0.112589
1 0.656833 0.343167
1 0.870652 0.129348
1 0.931661 0.068339
1 0.614449 0.385551
-1 0.291224 0.708776
-1 0.324814 0.675186
-1 0.0226343 0.977366
-1 0.265568 0.734432
1 0.652527 0.347473
1 0.612853 0.387147
1 0.887058 0.112942
1 0.551622 0.448378
1 0.940504 0.0594961
-1 0.216969 0.783031
1 0.920154 0.0798464
1 0.787493 0.212507
1 0.948095 0.0519047
-1 0.0437477 0.956252
1 0.700332 0.299668
-1 0.432918 0.567082
1 0.804359 0.195641
-1 0.463543 0.536457
1 0.775085 0.224915
1 0.659777 0.340223
1 0.981631 0.0183691
-1 0.103232 0.896768
-1 0.158176 0.841824
-1 0.000245112 0.999755
1 0.92866 0.0713397
1 0.956698 0.0433019
-1 0.167916 0.832084
-1 0.387893 0.612107
1 0.822428 0.177572
-1 0.485036 0.514964
-1 0.024098 0.975902
1 0.996837 0.00316312
-1 0.324198 0.675802
-1 0.0449391 0.955061
1 0.537112 0.462888
1 0.967839 0.0321607
-1 0.00660396 0.993396
-1 0.0737799 0.92622
-1 0.0307193 0.969281
-1 0.473812 0.526188
1 0.548088 0.451912
-1 0.00282764 0.997172
1 0.975674 0.0243256
-1 0.0129979 0.987002
-1 0.0514089 0.948591
-1 0.191494 0.808506
-1 0.460031 0.539969
1 0.812444 0.187556
1 0.789458 0.210542
-1 0.0191612 0.980839
1 0.836069 0.163931
1 0.809447 0.190553
-1 0.140004 0.859996
1 0.934857 0.0651426
-1 0.0560865 0.943913
-1 0.03618 0.96382
-1 0.0211822 0.978818
1 0.986789 0.013211
1 0.981248 0.0187525
1 0.707122 0.292878
1 0.581412 0.418588
-1 0.0344709 0.965529
-1 0.260935 0.739065
1 0.701063 0.298937
-1 0.0982639 0.901736
1 0.727338 0.272662
-1 0.00625104 0.993749
1 0.744442 0.255558
1 0.584406 0.415594
-1 0.232533 0.767467
1 0.958786 0.041214
-1 0.0030172 0.996983
1 0.973243 0.0267568
1 0.774436 0.225564
-1 0.20027 0.79973
1 0.664415 0.335585
1 0.635525 0.364475
-1 0.0850806 0.914919
-1 0.0313808 0.968619
1 0.728626 0.271374
-1 0.404301 0.595699
-1 0.0385698 0.96143
-1 0.400942 0.599058
-1 0.374175 0.625825
-1 0.00510878 0.994891
-1 0.0595603 0.94044
-1 0.0014413 0.998559
1 0.959773 0.0402268
1 0.914524 0.0854756
-1 0.00905482 0.990945
1 0.959001 0.0409994
-1 0.0465882 0.953412
-1 0.41159 0.58841
-1 0.00222611 0.997774
-1 0.0191733 0.980827
-1 0.0548823 0.945118
-1 0.0141188 0.985881
1 0.555662 0.444338
-1 0.37919 0.62081
-1 0.487833 0.512167
-1 0.345679 0.654321
-1 0.000215121 0.999785
-1 0.423064 0.576936
-1 0.225378 0.774622
1 0.92419 0.0758099
1 0.918841 0.0811591
1 0.77277 0.22723
1 0.803399 0.196601
-1 0.265136 0.734864
1 0.998619 0.00138084
-1 0.00391976 0.99608
1 0.569057 0.430943
1 0.960491 0.039509
-1 0.170034 0.829966
1 0.793421 0.206579
-1 0.417686 0.582314
1 0.690629 0.309371
1 0.506577 0.493423
-1 0.0284658 0.971534
1 0.834974 0.165026
-1 0.0695894 0.930411
1 0.868032 0.131968
1 0.987139 0.0128611
1 0.984885 0.015115
1 0.635968 0.364032
-1 0.107711 0.892289
1 0.949002 0.0509976
1 0.955068 0.0449324
-1 0.0482587 0.951741
-1 0.156081 0.843919
-1 0.0205802 0.97942
1 0.711958 0.288042
-1 0.492519 0.507481
-1 0.259052 0.740948
-1 0.0647762 0.935224
-1 0.177242 0.822758
1 0.911165 0.0888351
-1 0.00300792 0.996992
1 0.990348 0.00965163
1 0.962694 0.0373064
-1 0.0262013 0.973799
-1 0.454431 0.545569
-1 0.115709 0.884291
1 0.991463 0.00853719
1 0.514356 0.485644
1 0.617786 0.382214
-1 0.229923 0.770077
1 0.597732 0.402268
-1 0.228921 0.771079
-1 0.0450691 0.954931
1 0.976803 0.0231968
-1 0.478343 0.521657
-1 0.35279 0.64721
1 0.898587 0.101413
1 0.919888 0.0801116
1 0.86398 0.13602
1 0.890759 0.109241
-1 0.295062 0.704938
-1 0.137171 0.862829
-1 0.0102961 0.989704
-1 0.0334181 0.966582
1 0.708443 0.291557
-1 0.327106 0.672894
1 0.906288 0.0937117
1 0.645183 0.354817
1 0.994202 0.00579777
-1 0.41661 0.58339
-1 0.0641587 0.935841
-1 0.00875079 0.991249
1 0.984337 0.0156625
1 0.995897 0.00410342
-1 0.422551 0.577449
-1 0.455874 0.544126
-1 0.0166171 0.983383
-1 0.059943 0.940057
1 0.990331 0.00966876
1 0.688859 0.311141
1 0.99716 0.00283997
1 0.964294 0.035706
1 0.584466 0.415534
-1 0.393923 0.606077
1 0.931579 0.0684209
-1 0.0550248 0.944975
1 0.992666 0.00733438
-1 0.17097 0.82903
1 0.989706 0.0102944
1 0.958763 0.0412373
1 0.738945 0.261055
-1 0.006792 0.993208
1 0.893727 0.106273
1 0.996969 0.00303125
1 0.636799 0.363201
-1 0.0939369 0.906063
1 0.591704 0.408296
-1 0.328947 0.671053
1 0.951182 0.0488175
-1 0.000122132 0.999878
-1 0.273409 0.726591
-1 0.00641326 0.993587
-1 0.0190731 0.980927
-1 0.372863 0.627137
1 0.920875 0.0791248
-1 0.368633 0.631367
-1 0.0116389 0.988361
1 0.782948 0.217052
-1 0.00655893 0.993441
-1 0.0211556 0.978844
-1 0.43923 0.56077
1 0.89686 0.10314
-1 0.00794372 0.992056
-1 0.077005 0.922995
-1 0.220873 0.779127
-1 0.0381521 0.961848
1 0.996738 0.00326168
-1 0.0449376 0.955062
1 0.538158 0.461842
-1 0.0091105 0.99089
1 0.996688 0.00331217
-1 0.00502338 0.994977
1 0.986492 0.0135078
1 0.87966 0.12034
-1 0.114409 0.885591
-1 0.0473956 0.952604
1 0.594169 0.405831
-1 0.227605 0.772395
1 0.995102 0.00489814
-1 0.00474761 0.995252
1 0.891341 0.108659
-1 0.178164 0.821836
1 0.581632 0.418368
1 0.96853 0.0314704
1 0.973006 0.0269936
1 0.745835 0.254165
-1 0.0320368 0.967963
1 0.96199 0.03801
1 0.854393 0.145607
-1 0.109405 0.890595
1 0.993476 0.00652447
1 0.826486 0.173514
-1 0.156186 0.843814
1 0.972705 0.0272948
1 0.97569 0.0243103
-1 0.000177958 0.999822
-1 0.00220006 0.9978
-1 0.223449 0.776551
1 0.912136 0.087864
-1 0.0527115 0.947289
1 0.821873 0.178127
1 0.742782 0.257218
1 0.856477 0.143523
-1 0.120899 0.879101
-1 0.000342279 0.999658
-1 0.360618 0.639382
-1 0.0404596 0.95954
-1 0.174917 0.825083
1 0.985951 0.0140491
-1 0.209102 0.790898
1 0.640376 0.359624
1 0.986609 0.0133908
1 0.944108 0.0558916
1 0.913864 0.0861361
-1 0.291327 0.708673
-1 0.314626 0.685374
-1 0.0554674 0.944533
1 0.524425 0.475575
-1 0.342046 0.657954
1 0.903226 0.0967742
-1 0.0876269 0.912373
1 0.943104 0.0568955
-1 0.298495 0.701505
1 0.925115 0.0748848
-1 0.0459281 0.954072
1 0.565093 0.434907
-1 0.0349982 0.965002
1 0.569714 0.430286
-1 0.202525 0.797475
-1 0.392406 0.607594
-1 0.0790379 0.920962
-1 0.000312368 0.999688
-1 0.0134479 0.986552
-1 0.175648 0.824352
1 0.871011 0.128989
-1 0.0432508 0.956749
1 0.664901 0.335099
-1 0.430232 0.569768
1 0.891834 0.108166
-1 0.0430326 0.956967
1 0.629874 0.370126
-1 0.00475325 0.995247
1 0.976958 0.0230425
1 0.987796 0.0122036
1 0.993457 0.00654321
-1 0.235531 0.764469
1 0.968839 0.031161
-1 0.406159 0.593841
1 0.912681 0.0873191
-1 0.0300239 0.969976
1 0.907703 0.0922969
1 0.879073 0.120927
-1 0.0384115 0.961588
-1 0.000153983 0.999846
1 0.689209 0.310791
-1 0.375316 0.624684
-1 0.0766575 0.923343
-1 0.100247 0.899753
1 0.723294 0.276706
-1 0.132396 0.867604
-1 0.000992194 0.999008
1 0.843131 0.156869
1 0.99562 0.00437988
-1 0.478464 0.521536
-1 0.042453 0.957547
-1 0.126116 0.873884
1 0.811555 0.188445
-1 0.0386495 0.961351
1 0.678763 0.321237
-1 0.0344871 0.965513
1 0.954035 0.0459653
1 0.660553 0.339447
-1 0.399963 0.600037
-1 0.00174208 0.998258
1 0.772781 0.227219
-1 0.298981 0.701019
1 0.504007 0.495993
-1 0.0217133 0.978287
-1 0.396527 0.603473
1 0.545783 0.454217
-1 0.345011 0.654989
-1 0.0773024 0.922698
1 0.728433 0.271567
-1 0.363734 0.636266
1 0.503147 0.496853
-1 0.435993 0.564007
-1 0.420615 0.579385
-1 0.417927 0.582073
1 0.646842 0.353158
1 0.98115 0.0188504
-1 0.435989 0.564011
1 0.873671 0.126329
-1 0.000752539 0.999247
1 0.927477 0.0725234
-1 0.0122297 0.98777
1 0.531264 0.468736
-1 0.00651108 0.993489
1 0.702567 0.297433
-1 0.224265 0.775735
1 0.867394 0.132606
1 0.96161 0.0383897
-1 0.455375 0.544625
-1 0.0055318 0.994468
-1 0.0103684 0.989632
1 0.662604 0.337396
1 0.89686 0.10314
-1 0.0100808 0.989919
-1 0.414559 0.585441
1 0.767463 0.232537
1 0.982848 0.0171524
1 0.884821 0.115179
-1 0.354871 0.645129
1 0.971624 0.0283756
1 0.76353 0.23647
-1 0.0144471 0.985553
1 0.647533 0.352467
1 0.98386 0.0161397
-1 0.239861 0.760139
-1 0.44763 0.55237
1 0.642955 0.357045
-1 0.00584789 0.994152
-1 0.284534 0.715466
-1 0.0325654 0.967435
1 0.785134 0.214866
-1 0.0189388 0.981061
1 0.700716 0.299284
-1 0.242072 0.757928
1 0.959908 0.0400924
1 0.882426 0.117574
1 0.709366 0.290634
-1 0.3133 0.6867
1 0.94041 0.05959
-1 0.025923 0.974077
-1 0.0555587 0.944441
1 0.548887 0.451113
1 0.53818 0.46182
1 0.910356 0.0896439
-1 0.132369 0.867631
-1 0.0251663 0.974834
-1 0.0281764 0.971824
-1 0.14827 0.85173
1 0.92263 0.0773703
-1 0.11965 0.88035
1 0.825407 0.174593
-1 0.319905 0.680095
1 0.979702 0.0202978
-1 0.0734511 0.926549
1 0.829249 0.170751
-1 0.0315072 0.968493
1 0.986543 0.0134574
-1 0.0511237 0.948876
-1 0.244763 0.755237
-1 0.383346 0.616654
-1 0.0608741 0.939126
-1 0.339931 0.660069
-1 0.0520097 0.94799
1 0.994643 0.00535726
-1 0.0030112 0.996989
1 0.961531 0.0384693
-1 0.246551 0.753449
-1 0.432969 0.567031
-1 0.247405 0.752595
1 0.907372 0.0926278
1 0.958851 0.0411491
-1 0.0680997 0.9319
-1 0.00869894 0.991301
1 0.733809 0.266191
-1 0.259377 0.740623
-1 0.108119 0.891881
1 0.555028 0.444972
1 0.953038 0.0469615
1 0.575547 0.424453
-1 0.0214104 0.97859
-1 0.0298174 0.970183
-1 0.17467 0.82533
-1 0.00176061 0.998239
-1 0.00150534 0.998495
-1 0.196224 0.803776
-1 0.0438319 0.956168
-1 0.240724 0.759276
1 0.665857 0.334143
-1 0.0353747 0.964625
1 0.525555 0.474445
1 0.754114 0.245886
-1 0.416499 0.583501
1 0.625766 0.374234
-1 0.00411375 0.995886
-1 0.00160623 0.998394
1 0.98673 0.0132703
-1 0.0379928 0.962007
-1 0.488592 0.511408
-1 0.00278756 0.997212
1 0.783208 0.216792
-1 0.173725 0.826275
-1 0.00402092 0.995979
1 0.974067 0.0259328
1 0.930528 0.0694719
1 0.895824 0.104176
1 0.867043 0.132957
-1 0.424845 0.575155
1 0.992393 0.00760717
1 0.923415 0.076585
1 0.769729 0.230271
-1 0.090769 0.909231
-1 0.00699126 0.993009
1 0.545932 0.454068
1 0.971993 0.028007
1 0.511189 0.488811
-1 0.256106 0.743894
1 0.965593 0.0344074
1 0.503323 0.496677
-1 0.0615008 0.938499
-1 0.200348 0.799652
1 0.662845 0.337155
-1 0.0177092 0.982291
-1 0.0700556 0.929944
1 0.999128 0.000871977
1 0.880425 0.119575
-1 0.00566684 0.994333
1 0.710821 0.289179
-1 0.221258 0.778742
-1 0.00402945 0.995971
-1 0.0371532 0.962847
-1 0.290282 0.709718
-1 0.23923 0.76077
1 0.620955 0.379045
1 0.992111 0.00788948
-1 0.210341 0.789659
1 0.860049 0.139951
1 0.992699 0.00730132
-1 0.0242751 0.975725
1 0.663329 0.336671
-1 0.0293471 0.970653
1 0.718045 0.281955
-1 0.151362 0.848638
-1 0.0924876 0.907512
1 0.611336 0.388664
1 0.711338 0.288662
1 0.969507 0.0304931
-1 0.176759 0.823241
1 0.54587 0.45413
1 0.807907 0.192093
-1 0.104206 0.895794
-1 0.266944 0.733056
-1 0.0834026 0.916597
1 0.87692 0.12308
-1 0.0416996 0.9583
-1 0.111209 0.888791
-1 0.309092 0.690908
1 0.844238 0.155762
-1 0.28519 0.71481
-1 0.0853078 0.914692
1 0.97396 0.0260405
-1 0.0348896 0.96511
-1 0.00861131 0.991389
1 0.801191 0.198809
1 0.988302 0.011698
-1 0.342551 0.657449
-1 0.320947 0.679053
-1 0.476319 0.523681
-1 0.464214 0.535786
-1 0.484156 0.515844
-1 0.0282757 0.971724
-1 0.478354 0.521646
1 0.862414 0.137586
-1 0.0938246 0.906175
1 0.848943 0.151057
1 0.992593 0.00740662
-1 0.000556025 0.999444
1 0.991265 0.00873499
-1 0.322885 0.677115
-1 0.0239336 0.976066
1 0.773282 0.226718
1 0.802562 0.197438
-1 0.0242397 0.97576
1 0.705008 0.294992
-1 0.0100781 0.989922
-1 0.339618 0.660382
-1 0.00166421 0.998336
-1 0.174557 0.825443
-1 0.0526967 0.947303
1 0.532831 0.467169
-1 0.024675 0.975325
1 0.993714 0.00628645
-1 0.29716 0.70284
1 0.962856 0.0371443
1 0.905777 0.0942232
-1 0.403902 0.596098
-1 0.0522838 0.947716
1 0.733298 0.266702
-1 0.354544 0.645456
-1 0.289107 0.710893
-1 0.0715609 0.928439
1 0.959523 0.0404773
-1 0.388353 0.611647
-1 0.0965698 0.90343
1 0.995859 0.00414058
-1 0.389378 0.610622
1 0.918863 0.0811374
1 0.973825 0.0261748
-1 0.0431523 0.956848
-1 0.0436575 0.956343
1 0.54321 0.45679
-1 0.0487493 0.951251
-1 0.146121 0.853879
-1 0.244016 0.755984
-1 0.219243 0.780757
1 0.940404 0.0595964
-1 0.40534 0.59466
-1 0.252961 0.747039
-1 0.00364118 0.996359
-1 0.10044 0.89956
-1 0.313534 0.686466
1 0.902809 0.0971911
1 0.907461 0.0925392
-1 0.466202 0.533798
-1 0.00804667 0.991953
-1 0.437905 0.562095
-1 0.0748668 0.925133
1 0.701586 0.298414
-1 0.223395 0.776605
-1 0.0521292 0.947871
1 0.852128 0.147872
1 0.943105 0.0568951
1 0.679184 0.320816
-1 0.176533 0.823467
-1 0.00457779 0.995422
1 0.875657 0.124343
1 0.971389 0.0286108
-1 0.10165 0.89835
1 0.890819 0.109181
1 0.574515 0.425485
1 0.625349 0.374651
1 0.936464 0.0635357
1 0.686659 0.313341
1 0.909479 0.0905212
1 0.784052 0.215948
-1 0.436939 0.563061
-1 0.106059 0.893941
-1 0.0209066 0.979093
-1 0.0820152 0.917985
1 0.928001 0.0719989
-1 0.0272522 0.972748
-1 0.00356972 0.99643
-1 0.158525 0.841475
-1 0.0653674 0.934633
1 0.732258 0.267742
-1 0.361883 0.638117
1 0.804117 0.195883
-1 0.0259146 0.974085
-1 0.026995 0.973005
-1 0.425392 0.574608
-1 0.160884 0.839116
-1 0.0331449 0.966855
-1 0.11203 0.88797
1 0.958662 0.0413381
-1 0.321258 0.678742
-1 0.246373 0.753627
-1 0.318487 0.681513
1 0.994639 0.00536132
1 0.969144 0.0308561
-1 0.37703 0.62297
-1 0.0224096 0.97759
1 0.895062 0.104938
1 0.540556 0.459444
1 0.732449 0.267551
-1 0.16895 0.83105
-1 0.0582721 0.941728
1 0.806183 0.193817
-1 0.414311 0.585689
-1 0.0849439 0.915056
1 0.982959 0.0170409
1 0.745461 0.254539
-1 0.222756 0.777244
1 0.889077 0.110923
1 0.600439 0.399561
1 0.76231 0.23769
-1 0.0501376 0.949862
1 0.564113 0.435887
1 0.983993 0.0160069
-1 0.0176107 0.982389
1 0.999958 4.21845e-05
1 0.990568 0.00943163
1 0.934288 0.0657123
-1 0.489512 0.510488
1 0.881027 0.118973
-1 0.088695 0.911305
1 0.838625 0.161375
-1 0.0361831 0.963817
1 0.855049 0.144951
-1 0.00704052 0.992959
-1 0.169637 0.830363
1 0.769101 0.230899
-1 0.00601167 0.993988
-1 0.128906 0.871094
-1 0.0265061 0.973494
-1 0.000832583 0.999167
1 0.688981 0.311019
-1 0.115336 0.884664
-1 0.000326221 0.999674
-1 0.00320669 0.996793
-1 0.251091 0.748909
-1 0.0156819 0.984318
1 0.717807 0.282193
1 0.902252 0.0977479
1 0.818668 0.181332
-1 0.0938812 0.906119
-1 0.169235 0.830765
1 0.984625 0.0153745
1 0.996848 0.00315192
1 0.511445 0.488555
-1 0.233949 0.766051
1 0.902985 0.0970154
1 0.571691 0.428309
-1 0.325636 0.674364
1 0.923518 0.0764818
-1 0.249424 0.750576
-1 0.153994 0.846006
-1 0.0219939 0.978006
1 0.852845 0.147155
1 0.89177 0.10823
-1 0.00189219 0.998108
1 0.945478 0.0545223
-1 0.426245 0.573755
1 0.657724 0.342276
-1 0.00293238 0.997068
-1 0.0445572 0.955443
-1 0.254946 0.745054
-1 0.0108219 0.989178
-1 0.0166295 0.983371
1 0.753724 0.246276
-1 0.00213358 0.997866
1 0.512468 0.487532
-1 0.0136134 0.986387
-1 0.191136 0.808864
1 0.769108 0.230892
1 0.593597 0.406403
-1 0.0510137 0.948986
-1 0.0073362 0.992664
-1 0.264898 0.735102
-1 0.0188954 0.981105
1 0.652774 0.347226
-1 0.126188 0.873812
1 0.937285 0.0627153
-1 0.246132 0.753868
1 0.611519 0.388481
1 0.994304 0.00569556
1 0.972187 0.0278131
-1 0.492292 0.507708
-1 0.322381 0.677619
-1 0.031649 0.968351
-1 0.00345688 0.996543
1 0.955472 0.044528
-1 0.03089 0.96911
-1 0.25303 0.74697
-1 0.0142301 0.98577
-1 0.240045 0.759955
-1 0.00513775 0.994862
-1 0.0116802 0.98832
-1 0.0407926 0.959207
1 0.725294 0.274706
-1 0.134675 0.865325
-1 0.104496 0.895504
-1 0.292957 0.707043
-1 0.00360362 0.996396
-1 0.182156 0.817844
-1 0.466114 0.533886
-1 0.477582 0.522418
1 0.683155 0.316845
-1 0.213996 0.786004
-1 0.0949331 0.905067
1 0.985008 0.0149922
-1 0.34582 0.65418
-1 0.463543 0.536457
-1 0.147579 0.852421
-1 0.352127 0.647873
1 0.961671 0.0383292
-1 0.0543195 0.945681
-1 0.252337 0.747663
1 0.995416 0.00458386
1 0.956192 0.0438075
-1 0.0136749 0.986325
-1 0.0056542 0.994346
1 0.824794 0.175206
1 0.943893 0.0561068
-1 0.0716804 0.92832
1 0.826584 0.173416
-1 0.0261179 0.973882
1 0.596863 0.403137
-1 0.191496 0.808504
-1 0.266536 0.733464
-1 0.272064 0.727936
1 0.976946 0.0230543
1 0.993687 0.00631272
1 0.989209 0.0107912
-1 0.133853 0.866147
1 0.594921 0.405079
1 0.91968 0.0803204
-1 0.132346 0.867654
-1 0.490004 0.509996
1 0.807503 0.192497
-1 0.0130927 0.986907
1 0.971183 0.0288174
1 0.629743 0.370257
-1 0.172701 0.827299
1 0.99687 0.00312979
1 0.781896 0.218104
1 0.871123 0.128877
-1 0.0115118 0.988488
1 0.549068 0.450932
-1 0.327696 0.672304
-1 0.308094 0.691906
-1 0.00796813 0.992032
-1 0.0573966 0.942603
1 0.776456 0.223544
-1 0.0107238 0.989276
1 0.88595 0.11405
-1 0.00166058 0.998339
-1 0.0115827 0.988417
-1 0.0253046 0.974695
1 0.997234 0.00276614
-1 0.0439221 0.956078
-1 0.150052 0.849948
1 0.985071 0.0149292
-1 0.262497 0.737503
1 0.940615 0.0593853
1 0.584549 0.415451
1 0.96594 0.0340596
1 0.8226 0.1774
-1 0.0589273 0.941073
1 0.886668 0.113332
-1 0.148576 0.851424
-1 0.487563 0.512437
1 0.94519 0.0548102
-1 0.00035546 0.999645
-1 0.306736 0.693264
1 0.987261 0.0127391
-1 0.00494944 0.995051
1 0.965399 0.0346008
1 0.732015 0.267985
1 0.905797 0.0942035
1 0.932816 0.0671845
1 0.759506 0.240494
-1 0.00114457 0.998855
1 0.934878 0.065122
1 0.99059 0.00940988
1 0.85778 0.14222
1 0.999714 0.000285658
1 0.691432 0.308568
-1 0.274867 0.725133
1 0.764394 0.235606
1 0.926923 0.0730768
1 0.943639 0.0563611
1 0.873686 0.126314
-1 0.313847 0.686153
1 0.991945 0.00805484
-1 0.0145156 0.985484
1 0.983716 0.0162838
-1 0.277071 0.722929
-1 0.303706 0.696294
1 0.726394 0.273606
-1 0.187244 0.812756
1 0.968771 0.0312288
-1 0.000691295 0.999309
1 0.938787 0.0612131
-1 0.219568 0.780432
-1 0.0118387 0.988161
-1 0.201991 0.798009
-1 0.383217 0.616783
1 0.983629 0.0163708
1 0.976954 0.0230461
1 0.818651 0.181349
-1 0.00102943 0.998971
1 0.955765 0.044235
1 0.885927 0.114073
-1 0.431857 0.568143
1 0.831822 0.168178
-1 0.00982825 0.990172
-1 0.117765 0.882235
1 0.991383 0.00861721
-1 0.186614 0.813386
-1 0.383742 0.616258
-1 0.175574 0.824426
-1 0.0303108 0.969689
-1 0.128307 0.871693
1 0.999747 0.000253216
-1 0.113525 0.886475
-1 0.0276924 0.972308
-1 0.1448 0.8552
1 0.907687 0.0923129
-1 0.22137 0.77863
1 0.980854 0.0191458
1 0.79973 0.20027
-1 0.381762 0.618238
-1 0.116851 0.883149
-1 0.380369 0.619631
1 0.730122 0.269878
1 0.5159 0.4841
-1 0.322012 0.677988
1 0.818043 0.181957
1 0.572169 0.427831
-1 0.0356587 0.964341
1 0.890267 0.109733
-1 0.183009 0.816991
-1 0.339691 0.660309
-1 0.411108 0.588892
-1 0.00677486 0.993225
-1 0.263589 0.736411
-1 0.155809 0.844191
1 0.973004 0.0269963
-1 0.0319967 0.968003
-1 0.000685189 0.999315
-1 0.175161 0.824839
1 0.983929 0.0160706
1 0.855599 0.144401
-1 0.268251 0.731749
1 0.684259 0.315741
1 0.657141 0.342859
-1 0.086063 0.913937
-1 0.0156552 0.984345
-1 0.189264 0.810736
1 0.972928 0.0270716
1 0.82617 0.17383
1 0.997683 0.00231738
1 0.955138 0.0448624
-1 0.00554561 0.994454
-1 0.149774 0.850226
-1 0.0829114 0.917089
-1 0.0750278 0.924972
-1 0.00606885 0.993931
1 0.764838 0.235162
-1 0.0525842 0.947416
1 0.717742 0.282258
-1 0.0472447 0.952755
1 0.895096 0.104904
-1 0.486458 0.513542
1 0.603138 0.396862
1 0.840847 0.159153
-1 0.0278402 0.97216
-1 0.131529 0.868471
-1 0.0125226 0.987477
1 0.576286 0.423714
-1 0.202707 0.797293
1 0.988498 0.0115023
-1 0.0245826 0.975417
1 0.976846 0.0231536
-1 0.210994 0.789006
1 0.928607 0.0713927
-1 0.293364 0.706636
1 0.697983 0.302017
-1 0.424163 0.575837
-1 0.0123862 0.987614
-1 0.0208082 0.979192
-1 0.201027 0.798973
-1 0.00185836 0.998142
-1 0.018878 0.981122
-1 0.026935 0.973065
-1 0.0720234 0.927977
-1 0.38474 0.61526
1 0.828113 0.171887
-1 0.0181625 0.981838
-1 0.0260613 0.973939
-1 0.0654771 0.934523
-1 0.0392142 0.960786
1 0.999193 0.000806795
1 0.56724 0.43276
1 0.637602 0.362398
1 0.874527 0.125473
-1 0.00783115 0.992169
1 0.882082 0.117918
1 0.974089 0.0259114
-1 0.177647 0.822353
-1 0.0519527 0.948047
1 0.967278 0.0327217
-1 0.18055 0.81945
-1 0.144322 0.855678
-1 0.214894 0.785106
-1 0.206357 0.793643
-1 0.0470372 0.952963
-1 0.0545157 0.945484
1 0.880288 0.119712
1 0.998752 0.00124755
1 0.934552 0.0654484
-1 0.0509955 0.949004
1 0.511992 0.488008
1 0.605986 0.394014
1 0.990776 0.00922379
1 0.994589 0.00541076
1 0.906477 0.0935234
1 0.552605 0.447395
-1 0.329288 0.670712
-1 0.255124 0.744876
1 0.753795 0.246205
1 0.754838 0.245162
-1 0.349423 0.650577
1 0.885915 0.114085
-1 0.0155198 0.98448
-1 0.00414681 0.995853
1 0.997785 0.00221495
1 0.993829 0.00617148
1 0.977945 0.0220554
1 0.960853 0.039147
1 0.893006 0.106994
-1 0.10279 0.89721
-1 0.0614112 0.938589
1 0.748485 0.251515
-1 0.00290922 0.997091
-1 0.364548 0.635452
-1 0.00107545 0.998925
1 0.857133 0.142867
1 0.686233 0.313767
-1 0.0982313 0.901769
-1 0.0119045 0.988095
1 0.947071 0.0529288
1 0.781465 0.218535
1 0.551501 0.448499
1 0.553786 0.446214
-1 0.083489 0.916511
1 0.950534 0.0494657
1 0.510172 0.489828
-1 0.00585627 0.994144
1 0.65164 0.34836
1 0.921567 0.078433
1 0.992868 0.00713214
-1 0.0818642 0.918136
1 0.972931 0.0270689
-1 0.361662 0.638338
1 0.966774 0.0332264
1 0.996427 0.00357285
-1 0.097026 0.902974
1 0.98851 0.0114903
-1 0.0996157 0.900384
-1 0.00295841 0.997042
-1 0.268068 0.731932
-1 0.0953619 0.904638
1 0.87217 0.12783
-1 0.100887 0.899113
-1 0.021503 0.978497
-1 0.0519059 0.948094
1 0.982301 0.0176995
1 0.971321 0.0286786
1 0.810832 0.189168
-1 0.00562158 0.994378
-1 0.0355863 0.964414
1 0.974422 0.0255778
1 0.935998 0.0640019
-1 0.00928823 0.990712
1 0.990995 0.00900521
-1 0.160647 0.839353
1 0.996664 0.00333624
1 0.91689 0.0831103
-1 0.0029631 0.997037
1 0.95234 0.0476602
-1 0.212949 0.787051
-1 0.261692 0.738308
-1 0.215172 0.784828
-1 0.0650989 0.934901
-1 0.207421 0.792579
1 0.501023 0.498977
-1 0.00570705 0.994293
1 0.994457 0.00554311
-1 0.0868467 0.913153
1 0.697172 0.302828
-1 0.0640223 0.935978
1 0.933779 0.0662213
1 0.987239 0.0127612
-1 0.413673 0.586327
1 0.949276 0.0507238
-1 0.190181 0.809819
1 0.992476 0.00752382
1 0.930795 0.0692055
1 0.607658 0.392342
-1 0.00543961 0.99456
-1 0.23527 0.76473
1 0.764436 0.235564
1 0.561285 0.438715
-1 0.322439 0.677561
1 0.829959 0.170041
1 0.707273 0.292727
1 0.666598 0.333402
-1 0.041975 0.958025
1 0.637236 0.362764
-1 0.0309887 0.969011
1 0.998844 0.00115579
-1 0.243584 0.756416
-1 0.264699 0.735301
-1 0.416292 0.583708
-1 0.208413 0.791587
1 0.992596 0.00740354
1 0.670584 0.329416
-1 0.328544 0.671456
-1 0.326356 0.673644
-1 0.0389594 0.961041
1 0.770502 0.229498
1 0.99597 0.00403004
-1 0.0720948 0.927905
1 0.996276 0.00372385
1 0.858841 0.141159
-1 0.0174249 0.982575
-1 0.00310856 0.996891
-1 0.263324 0.736676
1 0.68308 0.31692
-1 0.00280628 0.997194
-1 0.0135875 0.986413
1 0.868413 0.131587
-1 0.438711 0.561289
1 0.606088 0.393912
1 0.940513 0.0594874
1 0.626901 0.373099
1 0.920645 0.0793549
-1 0.346235 0.653765
1 0.916742 0.0832583
1 0.896994 0.103006
-1 0.00130167 0.998698
-1 0.124372 0.875628
-1 0.229696 0.770304
-1 0.190348 0.809652
-1 0.0437896 0.95621
1 0.994592 0.00540758
-1 0.0854289 0.914571
1 0.692492 0.307508
-1 0.481454 0.518546
1 0.933429 0.0665707
1 0.991076 0.00892422
1 0.990633 0.0093665
-1 0.000913925 0.999086
-1 0.161968 0.838032
1 0.746529 0.253471
-1 0.410445 0.589555
-1 0.00730636 0.992694
-1 0.00194803 0.998052
1 0.887377 0.112623
-1 0.0481463 0.951854
-1 0.435145 0.564855
1 0.871134 0.128866
1 0.98728 0.0127199
1 0.632506 0.367494
-1 0.0248701 0.97513
-1 0.267398 0.732602
-1 0.00953614 0.990464
-1 0.376896 0.623104
1 0.969292 0.0307077
-1 0.0179364 0.982064
1 0.919386 0.0806141
1 0.993995 0.00600466
-1 0.0010699 0.99893
1 0.922654 0.0773465
1 0.519879 0.480121
-1 0.0827025 0.917297
-1 0.161684 0.838316
1 0.735078 0.264922
1 0.653738 0.346262
1 0.729607 0.270393
1 0.750117 0.249883
1 0.768525 0.231475
1 0.979704 0.0202961
1 0.793671 0.206329
-1 0.00496205 0.995038
1 0.996023 0.00397723
-1 0.300567 0.699433
1 0.986803 0.0131972
-1 0.00755418 0.992446
-1 0.43923 0.56077
1 0.888351 0.111649
1 0.560995 0.439005
1 0.782455 0.217545
1 0.948584 0.051416
-1 0.0644299 0.93557
-1 0.254539 0.745461
-1 0.172034 0.827966
-1 0.0250265 0.974974
1 0.609867 0.390133
1 0.722218 0.277782
-1 0.00850265 0.991497
1 0.882842 0.117158
1 0.882831 0.117169
1 0.969846 0.0301539
-1 0.151595 0.848405
1 0.902888 0.0971117
1 0.875492 0.124508
-1 0.137308 0.862692
1 0.810264 0.189736
1 0.538377 0.461623
1 0.965448 0.0345517
-1 0.169383 0.830617
1 0.694432 0.305568
-1 0.00192537 0.998075
-1 0.0658938 0.934106
1 0.968982 0.0310176
1 0.844238 0.155762
-1 0.337254 0.662746
1 0.932452 0.0675477
1 0.946468 0.0535322
-1 0.135025 0.864975
-1 0.110243 0.889757
-1 0.212965 0.787035
-1 0.0644408 0.935559
-1 0.15608 0.84392
-1 0.0195282 0.980472
1 0.987435 0.0125648
1 0.506134 0.493866
-1 0.134232 0.865768
1 0.980491 0.0195093
1 0.895235 0.104765
-1 0.310028 0.689972
-1 0.208387 0.791613
1 0.864432 0.135568
1 0.973318 0.0266822
1 0.970842 0.0291583
-1 0.303038 0.696962
1 0.704398 0.295602
-1 0.22658 0.77342
1 0.98032 0.0196798
-1 0.352325 0.647675
1 0.977665 0.0223346
-1 0.0664243 0.933576
-1 0.0654978 0.934502
-1 0.00220424 0.997796
1 0.718753 0.281247
1 0.991042 0.00895793
-1 0.363469 0.636531
1 0.916519 0.0834815
1 0.979606 0.0203937
-1 0.0677824 0.932218
1 0.524702 0.475298
1 0.977678 0.0223218
1 0.99107 0.00893
-1 0.429829 0.570171
1 0.990245 0.00975523
-1 0.465861 0.534139
-1 0.159387 0.840613
-1 2.70268e-05 0.999973
-1 0.266945 0.733055
-1 0.241723 0.758277
-1 0.000117544 0.999882
-1 0.490916 0.509084
-1 0.163283 0.836717
1 0.684162 0.315838
-1 0.48583 0.51417
1 0.78414 0.21586
-1 0.160488 0.839512
-1 0.1603 0.8397
-1 0.0374655 0.962535
1 0.622755 0.377245
-1 0.0506838 0.949316
-1 0.000499406 0.999501
1 0.910091 0.0899086
-1 0.439304 0.560696
-1 0.235187 0.764813
1 0.800776 0.199224
-1 0.0859369 0.914063
-1 0.02121 0.97879
-1 0.0232625 0.976738
-1 0.302979 0.697021
-1 0.0128851 0.987115
-1 0.022953 0.977047
1 0.585506 0.414494
1 0.994699 0.00530132
-1 0.495706 0.504294
-1 0.00541057 0.994589
1 0.749082 0.250918
-1 0.0148816 0.985118
-1 0.117794 0.882206
-1 0.00437182 0.995628
-1 0.360523 0.639477
-1 0.27117 0.72883
-1 0.423294 0.576706
-1 0.00193836 0.998062
-1 0.242738 0.757262
1 0.996152 0.00384825
-1 0.248944 0.751056
1 0.963148 0.036852
-1 0.0686053 0.931395
1 0.583505 0.416495
1 0.998793 0.00120663
1 0.856652 0.143348
-1 0.00833513 0.991665
1 0.531553 0.468447
1 0.920115 0.0798852
1 0.789546 0.210454
1 0.866139 0.133861
-1 0.499813 0.500187
1 0.970652 0.029348
1 0.996183 0.00381668
-1 0.0263177 0.973682
-1 0.00337016 0.99663
1 0.861428 0.138572
-1 0.276306 0.723694
-1 0.107015 0.892985
-1 0.392611 0.607389
-1 0.295049 0.704951
1 0.972825 0.027175
-1 0.189594 0.810406
-1 0.00381406 0.996186
-1 0.111361 0.888639
1 0.654946 0.345054
-1 0.0047576 0.995242
-1 0.0207629 0.979237
-1 0.00627121 0.993729
-1 0.0446194 0.955381
-1 0.0787537 0.921246
1 0.528693 0.471307
1 0.607788 0.392212
1 0.981828 0.0181725
1 0.970502 0.0294984
-1 0.118682 0.881318
1 0.832162 0.167838
-1 0.0626343 0.937366
1 0.907955 0.0920454
-1 0.145936 0.854064
1 0.561824 0.438176
1 0.898548 0.101452
-1 0.00705971 0.99294
-1 0.154303 0.845697
-1 0.411338 0.588662
-1 0.00618302 0.993817
-1 0.41734 0.58266
1 0.921948 0.078052
-1 0.019023 0.980977
-1 0.0569228 0.943077
1 0.562953 0.437047
-1 0.28447 0.71553
-1 0.353848 0.646152
-1 0.106035 0.893965
-1 0.00256446 0.997436
-1 0.00579531 0.994205
1 0.964213 0.0357867
-1 0.00264526 0.997355
-1 0.20908 0.79092
-1 0.0738638 0.926136
-1 0.0922438 0.907756
-1 0.00180904 0.998191
1 0.998346 0.00165425
1 0.99706 0.00294025
1 0.993275 0.00672522
1 0.959762 0.0402383
-1 0.259453 0.740547
-1 0.0204872 0.979513
-1 0.0324597 0.96754
-1 0.0144796 0.98552
-1 0.373711 0.626289
-1 0.42717 0.57283
-1 0.0909208 0.909079
1 0.8538 0.1462
-1 0.216597 0.783403
1 0.704369 0.295631
-1 0.0734447 0.926555
-1 0.152106 0.847894
-1 0.000648771 0.999351
-1 0.000480545 0.999519
1 0.522759 0.477241
-1 0.298076 0.701924
-1 5.64614e-05 0.999944
1 0.9767 0.0232998
1 0.64902 0.35098
-1 0.27618 0.72382
-1 0.00276441 0.997236
1 0.981972 0.0180275
-1 0.236793 0.763207
-1 0.00192385 0.998076
1 0.975198 0.0248019
-1 0.154784 0.845216
-1 0.174259 0.825741
-1 0.00782829 0.992172
1 0.7934 0.2066
1 0.684618 0.315382
1 0.95434 0.04566
-1 0.360906 0.639094
1 0.968664 0.0313358
1 0.995308 0.00469171
1 0.98819 0.01181
-1 0.00472267 0.995277
-1 0.41139 0.58861
-1 0.000849965 0.99915
1 0.861025 0.138975
1 0.881566 0.118434
1 0.769841 0.230159
-1 0.0178553 0.982145
1 0.824443 0.175557
1 0.628365 0.371635
1 0.99225 0.00774987
-1 0.290387 0.709613
-1 0.419754 0.580246
1 0.877387 0.122613
-1 0.296028 0.703972
-1 0.417386 0.582614
-1 0.000334038 0.999666
1 0.915717 0.0842831
-1 0.0120469 0.987953
1 0.670029 0.329971
-1 0.0515524 0.948448
-1 0.00458455 0.995415
1 0.561446 0.438554
1 0.988461 0.0115387
1 0.898204 0.101796
-1 0.0100958 0.989904
-1 0.0334646 0.966535
-1 0.0488095 0.951191
1 0.723206 0.276794
1 0.903353 0.0966471
1 0.992063 0.00793657
-1 0.455947 0.544053
1 0.931557 0.0684426
-1 0.00425824 0.995742
1 0.539492 0.460508
1 0.883411 0.116589
-1 0.119754 0.880246
-1 0.404945 0.595055
-1 0.0561419 0.943858
1 0.967967 0.0320329
-1 0.390932 0.609068
1 0.915205 0.0847946
-1 0.202419 0.797581
1 0.94331 0.0566899
-1 0.00158866 0.998411
1 0.691891 0.308109
-1 0.45984 0.54016
-1 0.0228576 0.977142
1 0.960951 0.0390491
1 0.884692 0.115308
-1 0.00133232 0.998668
-1 0.0895813 0.910419
-1 0.266535 0.733465
1 0.973402 0.0265982
1 0.998869 0.00113097
-1 0.0753273 0.924673
-1 0.299726 0.700274
1 0.934049 0.0659512
-1 0.269726 0.730274
1 0.985696 0.014304
1 0.992724 0.00727592
-1 0.112274 0.887726
1 0.989964 0.0100356
-1 0.015014 0.984986
1 0.698777 0.301223
-1 0.162693 0.837307
1 0.686048 0.313952
-1 0.321723 0.678277
-1 0.0101146 0.989885
1 0.96443 0.0355695
1 0.539274 0.460726
-1 0.0913509 0.908649
1 0.712428 0.287572
-1 0.162672 0.837328
-1 0.201821 0.798179
1 0.631337 0.368663
-1 0.194342 0.805658
-1 0.439107 0.560893
-1 0.49323 0.50677
-1 0.12487 0.87513
-1 0.191378 0.808622
1 0.806894 0.193106
1 0.739127 0.260873
-1 0.00725669 0.992743
-1 0.494621 0.505379
1 0.572063 0.427937
-1 0.193058 0.806942
1 0.996014 0.00398629
-1 0.128346 0.871654
1 0.683128 0.316872
-1 0.000651939 0.999348
1 0.531017 0.468983
-1 0.450031 0.549969
-1 0.0506345 0.949366
-1 0.39386 0.60614
1 0.979065 0.0209355
1 0.82761 0.17239
-1 0.0255008 0.974499
1 0.986665 0.0133348
-1 0.301288 0.698712
1 0.875394 0.124606
1 0.890782 0.109218
-1 0.281564 0.718436
-1 0.0983158 0.901684
1 0.874069 0.125931
1 0.982129 0.0178709
1 0.697013 0.302987
-1 0.0068311 0.993169
1 0.719592 0.280408
-1 0.414819 0.585181
1 0.851578 0.148422
-1 0.0642834 0.935717
1 0.782829 0.217171
1 0.594322 0.405678
1 0.85927 0.14073
-1 0.0365602 0.96344
1 0.907188 0.0928118
1 0.99065 0.00934987
1 0.986302 0.0136975
-1 0.00412441 0.995876
1 0.750049 0.249951
1 0.639892 0.360108
-1 0.0780477 0.921952
-1 0.198081 0.801919
1 0.997556 0.00244388
-1 0.146355 0.853645
1 0.995957 0.00404283
1 0.781315 0.218685
-1 0.253277 0.746723
1 0.970861 0.0291391
1 0.967809 0.0321915
-1 0.138174 0.861826
-1 0.000167712 0.999832
1 0.699618 0.300382
1 0.988165 0.0118353
-1 0.00733639 0.992664
1 0.983741 0.0162593
-1 0.408733 0.591267
1 0.997947 0.00205305
1 0.996712 0.00328812
1 0.966966 0.0330341
1 0.852221 0.147779
-1 0.053005 0.946995
-1 0.292458 0.707542
1 0.935351 0.0646486
-1 0.000253079 0.999747
-1 0.0916218 0.908378
-1 0.498142 0.501858
-1 0.0538972 0.946103
-1 0.000376287 0.999624
-1 0.118234 0.881766
1 0.83715 0.16285
-1 0.00704856 0.992951
1 0.943293 0.0567074
-1 0.374326 0.625674
-1 0.124129 0.875871
1 0.500794 0.499206
1 0.943085 0.0569148
-1 0.124936 0.875064
-1 0.00617756 0.993822
1 0.675971 0.324029
-1 0.190157 0.809843
-1 0.145737 0.854263
1 0.922157 0.0778427
-1 0.499492 0.500508
-1 0.28788 0.71212
-1 0.0384946 0.961505
1 0.925652 0.074348
-1 0.0683226 0.931677
-1 0.00125311 0.998747
1 0.551612 0.448388
1 0.980661 0.0193391
1 0.798099 0.201901
-1 0.211939 0.788061
1 0.889721 0.110279
1 0.997279 0.00272092
-1 0.0956905 0.904309
1 0.520458 0.479542
-1 0.174008 0.825992
1 0.943523 0.0564769
-1 0.00163072 0.998369
1 0.977307 0.0226933
1 0.719115 0.280885
-1 0.0466816 0.953318
1 0.670031 0.329969
-1 0.405931 0.594069
-1 0.135351 0.864649
-1 0.243522 0.756478
-1 0.205205 0.794795
-1 0.000162978 0.999837
-1 0.00822909 0.991771
-1 0.041281 0.958719
-1 0.0104879 0.989512
-1 0.118075 0.881925
-1 0.300076 0.699924
1 0.546664 0.453336
-1 0.014377 0.985623
1 0.753593 0.246407
-1 0.465265 0.534735
-1 0.149273 0.850727
1 0.904114 0.0958857
1 0.749874 0.250126
-1 0.000158829 0.999841
-1 0.275756 0.724244
1 0.94136 0.0586399
-1 0.365946 0.634054
-1 0.0744883 0.925512
1 0.972969 0.0270309
-1 0.00594556 0.994054
-1 0.373775 0.626225
-1 0.0149159 0.985084
-1 0.0170788 0.982921
1 0.994317 0.00568252
1 0.998899 0.00110116
1 0.909096 0.0909044
-1 0.478429 0.521571
1 0.954448 0.045552
-1 0.0461607 0.953839
1 0.81218 0.18782
-1 0.177162 0.822838
1 0.870681 0.129319
-1 0.0401931 0.959807
1 0.975282 0.0247182
-1 0.189502 0.810498
1 0.586939 0.413061
-1 0.316681 0.683319
-1 0.0529908 0.947009
1 0.872392 0.127608
-1 0.315234 0.684766
-1 0.00741042 0.99259
1 0.744012 0.255988
1 0.97051 0.02949
-1 0.248807 0.751193
1 0.65469 0.34531
-1 0.0568669 0.943133
-1 0.00798333 0.992017
-1 0.000189428 0.999811
-1 0.0475443 0.952456
1 0.941449 0.0585512
1 0.545256 0.454744
-1 0.0521063 0.947894
-1 0.424861 0.575139
1 0.990852 0.00914794
-1 0.0443153 0.955685
-1 0.324822 0.675178
-1 0.000566866 0.999433
-1 0.00112093 0.998879
1 0.934992 0.0650081
-1 0.216861 0.783139
-1 0.00523042 0.99477
1 0.95271 0.0472895
1 0.789144 0.210856
1 0.652347 0.347653
1 0.750939 0.249061
-1 0.343502 0.656498
-1 0.0773032 0.922697
-1 0.00759584 0.992404
1 0.631012 0.368988
1 0.528917 0.471083
1 0.767122 0.232878
1 0.915307 0.0846933
-1 0.204169 0.795831
1 0.86875 0.13125
1 0.690096 0.309904
-1 0.359888 0.640112
-1 0.177991 0.822009
1 0.919143 0.080857
1 0.896486 0.103514
1 0.875547 0.124453
1 0.778906 0.221094
-1 0.0139979 0.986002
-1 0.174677 0.825323
1 0.946526 0.0534739
1 0.999849 0.00015115
1 0.965669 0.0343309
-1 0.00248896 0.997511
1 0.692908 0.307092
1 0.752843 0.247157
-1 0.398392 0.601608
-1 0.224924 0.775076
1 0.908204 0.0917962
1 0.896674 0.103326
1 0.519933 0.480067
-1 0.132248 0.867752
-1 0.0106655 0.989334
1 0.562448 0.437552
-1 0.45295 0.54705
1 0.558442 0.441558
1 0.863122 0.136878
-1 0.00301192 0.996988
1 0.994973 0.00502667
1 0.96743 0.0325705
1 0.614703 0.385297
1 0.767243 0.232757
-1 0.107414 0.892586
1 0.888172 0.111828
-1 0.00178187 0.998218
1 0.611087 0.388913
1 0.78626 0.21374
-1 0.0262296 0.97377
-1 0.00294477 0.997055
-1 0.199105 0.800895
1 0.552793 0.447207
1 0.926401 0.0735988
-1 0.0915672 0.908433
1 0.871218 0.128782
1 0.522289 0.477711
-1 0.426494 0.573506
1 0.92424 0.0757602
-1 0.259208 0.740792
-1 0.0058735 0.994126
1 0.995408 0.0045921
1 0.934917 0.0650831
-1 0.196952 0.803048
1 0.733453 0.266547
-1 0.0369921 0.963008
1 0.983062 0.016938
1 0.97613 0.0238704
-1 0.350572 0.649428
-1 0.357884 0.642116
1 0.872664 0.127336
1 0.710866 0.289134
1 0.590373 0.409627
-1 0.0105335 0.989466
-1 0.49231 0.50769
1 0.972562 0.0274381
1 0.78162 0.21838
1 0.897067 0.102933
-1 0.0976387 0.902361
1 0.882641 0.117359
-1 0.0259816 0.974018
1 0.598277 0.401723
-1 0.0594328 0.940567
1 0.562788 0.437212
-1 0.0917334 0.908267
1 0.996293 0.00370673
1 0.977856 0.0221443
-1 0.319227 0.680773
-1 0.383421 0.616579
-1 0.0195108 0.980489
1 0.921126 0.0788735
1 0.70479 0.29521
-1 0.492787 0.507213
1 0.967847 0.0321527
1 0.948956 0.0510443
-1 0.367963 0.632037
1 0.970952 0.0290477
-1 0.35616 0.64384
1 0.93896 0.06104
1 0.971944 0.0280556
-1 0.493276 0.506724
-1 0.102845 0.897155
1 0.969162 0.0308377
-1 0.0855693 0.914431
-1 0.0456395 0.954361
1 0.866245 0.133755
1 0.851395 0.148605
-1 0.383957 0.616043
-1 0.036146 0.963854
-1 0.0598398 0.94016
1 0.878031 0.121969
-1 0.151607 0.848393
-1 0.290858 0.709142
-1 0.278517 0.721483
-1 0.0790378 0.920962
-1 0.439794 0.560206
1 0.992316 0.00768437
-1 0.208792 0.791208
1 0.683331 0.316669
1 0.91573 0.0842698
1 0.94225 0.05775
1 0.930485 0.0695146
1 0.996356 0.00364397
1 0.996349 0.00365085
1 0.965706 0.0342945
1 0.950492 0.0495085
1 0.526493 0.473507
-1 0.0004739 0.999526
-1 0.0306928 0.969307
-1 0.44545 0.55455
-1 0.136013 0.863987
1 0.916602 0.0833983
-1 0.243087 0.756913
-1 0.120937 0.879063
1 0.924651 0.0753487
1 0.977125 0.022875
1 0.534926 0.465074
-1 0.306526 0.693474
1 0.593286 0.406714
-1 0.00418489 0.995815
-1 0.00226994 0.99773
-1 0.153553 0.846447
-1 0.0583826 0.941617
-1 0.174572 0.825428
-1 0.291833 0.708167
-1 0.00785996 0.99214
1 0.543604 0.456396
-1 0.125408 0.874592
1 0.999676 0.000324321
1 0.969039 0.030961
1 0.992205 0.00779545
-1 0.00856085 0.991439
-1 0.194974 0.805026
1 0.556903 0.443097
1 0.857271 0.142729
-1 0.00150241 0.998498
1 0.85541 0.14459
1 0.633392 0.366608
1 0.770993 0.229007
-1 0.00795853 0.992041
1 0.717379 0.282621
1 0.769897 0.230103
1 0.77311 0.22689
1 0.902487 0.0975133
1 0.752538 0.247462
1 0.710236 0.289764
1 0.569078 0.430922
-1 0.113161 0.886839
1 0.819766 0.180234
-1 0.328875 0.671125
-1 0.257868 0.742132
1 0.962481 0.0375193
-1 0.0614605 0.938539
1 0.708147 0.291853
-1 0.100757 0.899243
-1 0.0511742 0.948826
1 0.9463 0.0537002
1 0.894241 0.105759
-1 0.190454 0.809546
-1 0.159529 0.840471
-1 0.101344 0.898656
1 0.76098 0.23902
1 0.883273 0.116727
-1 0.228225 0.771775
-1 0.136444 0.863556
-1 0.0086907 0.991309
-1 0.430888 0.569112
1 0.927651 0.0723486
-1 0.471045 0.528955
1 0.804516 0.195484
-1 0.293094 0.706906
-1 0.295437 0.704563
-1 0.217767 0.782233
-1 0.227547 0.772453
-1 0.0448809 0.955119
-1 0.204955 0.795045
-1 0.233865 0.766135
-1 0.221391 0.778609
-1 0.0517145 0.948285
-1 0.472419 0.527581
1 0.95465 0.0453504
1 0.95133 0.0486705
-1 0.00494831 0.995052
-1 0.000569586 0.99943
-1 0.00818497 0.991815
-1 0.000399991 0.9996
1 0.893642 0.106358
-1 0.496027 0.503973
1 0.606986 0.393014
-1 0.00564551 0.994354
-1 0.0135396 0.98646
1 0.664401 0.335599
-1 0.173056 0.826944
-1 0.464559 0.535441
-1 0.39825 0.60175
-1 0.198059 0.801941
-1 0.0765622 0.923438
-1 0.00565924 0.994341
1 0.791631 0.208369
1 0.780327 0.219673
-1 0.0092677 0.990732
-1 0.0978452 0.902155
1 0.824729 0.175271
1 0.827864 0.172136
-1 0.130631 0.869369
-1 0.181558 0.818442
-1 0.353039 0.646961
-1 0.155088 0.844912
-1 0.384058 0.615942
1 0.980237 0.0197633
1 0.853548 0.146452
1 0.522375 0.477625
-1 0.366186 0.633814
1 0.972087 0.0279131
-1 0.25322 0.74678
1 0.987365 0.0126354
-1 0.0815927 0.918407
1 0.991272 0.00872811
1 0.969161 0.0308394
-1 0.0167201 0.98328
1 0.927737 0.0722629
1 0.996581 0.0034193
-1 0.00470963 0.99529
1 0.764788 0.235212
-1 0.185845 0.814155
-1 0.277233 0.722767
-1 0.000963544 0.999036
1 0.762973 0.237027
-1 0.299869 0.700131
-1 0.474097 0.525903
-1 0.00276811 0.997232
-1 0.302192 0.697808
1 0.693122 0.306878
-1 0.0236322 0.976368
-1 0.0461183 0.953882
-1 0.000570526 0.999429
1 0.988117 0.0118828
1 0.987029 0.0129713
-1 0.0299652 0.970035
1 0.911887 0.0881131
-1 0.424275 0.575725
-1 0.0122259 0.987774
1 0.980614 0.0193859
1 0.811055 0.188945
1 0.767149 0.232851
-1 0.0129488 0.987051
-1 0.343911 0.656089
-1 0.025895 0.974105
1 0.788352 0.211648
-1 0.485215 0.514785
1 0.939652 0.0603478
1 0.856265 0.143735
-1 0.384892 0.615108
-1 0.0117299 0.98827
-1 0.00183552 0.998164
-1 0.0239915 0.976008
1 0.994457 0.00554304
-1 0.004274 0.995726
-1 0.391717 0.608283
-1 0.0447451 0.955255
1 0.9595 0.0404996
-1 0.104659 0.895341
1 0.734281 0.265719
1 0.92606 0.0739398
1 0.741496 0.258504
-1 0.107801 0.892199
1 0.82413 0.17587
-1 0.33438 0.66562
1 0.953231 0.0467689
1 0.978376 0.0216237
-1 0.329913 0.670087
-1 0.385932 0.614068
1 0.949697 0.0503029
1 0.856329 0.143671
1 0.990956 0.00904411
1 0.924449 0.0755509
-1 0.0498617 0.950138
-1 0.0458274 0.954173
1 0.979373 0.0206275
1 0.740292 0.259708
-1 0.00613518 0.993865
1 0.994202 0.0057977
-1 0.124041 0.875959
-1 0.017415 0.982585
-1 0.372673 0.627327
1 0.942246 0.0577538
-1 0.0689957 0.931004
1 0.982936 0.0170638
1 0.996332 0.00366751
1 0.844385 0.155615
1 0.789336 0.210664
-1 0.0046381 0.995362
-1 0.0243641 0.975636
1 0.820918 0.179082
-1 0.000848678 0.999151
1 0.810422 0.189578
-1 0.418644 0.581356
-1 0.00552928 0.994471
-1 0.282294 0.717706
1 0.931945 0.0680554
1 0.999928 7.23625e-05
-1 0.00262343 0.997377
1 0.973569 0.0264313
-1 0.464872 0.535128
-1 0.444735 0.555265
1 0.676078 0.323922
-1 0.12776 0.87224
-1 0.0584491 0.941551
1 0.572048 0.427952
-1 0.372809 0.627191
-1 0.248399 0.751601
-1 0.243547 0.756453
1 0.951075 0.0489252
1 0.957687 0.0423127
-1 0.0759409 0.924059
-1 0.0330697 0.96693
1 0.811024 0.188976
1 0.824687 0.175313
1 0.60956 0.39044
-1 0.015609 0.984391
1 0.787456 0.212544
-1 0.0108457 0.989154
1 0.749243 0.250757
-1 0.163245 0.836755
1 0.977143 0.0228572
1 0.808723 0.191277
1 0.86105 0.13895
1 0.891526 0.108474
-1 0.12253 0.87747
-1 0.00837098 0.991629
-1 0.0426705 0.957329
-1 0.388773 0.611227
-1 0.214941 0.785059
1 0.996339 0.00366081
-1 0.000975488 0.999025
-1 0.178555 0.821445
-1 0.2714 0.7286
1 0.899726 0.100274
1 0.890878 0.109122
-1 0.0812832 0.918717
-1 0.113612 0.886388
1 0.993397 0.00660279
-1 0.00124407 0.998756
1 0.559118 0.440882
1 0.515929 0.484071
-1 0.410183 0.589817
-1 0.00370139 0.996299
1 0.853283 0.146717
-1 0.00259742 0.997403
-1 0.0233912 0.976609
1 0.598529 0.401471
-1 0.037216 0.962784
1 0.71936 0.28064
-1 0.23477 0.76523
1 0.779494 0.220506
1 0.559971 0.440029
-1 0.0509384 0.949062
1 0.565619 0.434381
1 0.950589 0.0494106
-1 0.0938221 0.906178
1 0.745179 0.254821
1 0.917543 0.0824572
1 0.924514 0.0754863
1 0.510041 0.489959
-1 0.0168049 0.983195
-1 0.49016 0.50984
-1 0.00801206 0.991988
-1 0.323144 0.676856
-1 0.1081 0.8919
-1 0.0229017 0.977098
1 0.752216 0.247784
1 0.659323 0.340677
1 0.972724 0.0272755
-1 0.0204027 0.979597
1 0.942068 0.0579317
-1 0.00760895 0.992391
-1 0.202028 0.797972
1 0.532672 0.467328
1 0.508615 0.491385
1 0.74165 0.25835
1 0.840127 0.159873
-1 0.0359976 0.964002
-1 0.380064 0.619936
1 0.981751 0.0182493
1 0.851712 0.148288
-1 0.299196 0.700804
1 0.89092 0.10908
1 0.992781 0.00721925
1 0.632614 0.367386
-1 0.133941 0.866059
-1 0.0201922 0.979808
-1 0.000142154 0.999858
-1 0.483111 0.516889
-1 0.254417 0.745583
1 0.962987 0.0370125
1 0.973715 0.0262849
-1 0.0265061 0.973494
-1 0.362628 0.637372
1 0.802285 0.197715
1 0.591945 0.408055
-1 0.157871 0.842129
-1 0.000403024 0.999597
1 0.861257 0.138743
-1 0.0306754 0.969325
-1 0.208387 0.791613
-1 0.484399 0.515601
-1 0.0547053 0.945295
1 0.997502 0.0024979
-1 0.0971546 0.902845
1 0.897231 0.102769
-1 0.239875 0.760125
1 0.836831 0.163169
-1 0.0115916 0.988408
-1 0.484318 0.515682
1 0.879943 0.120057
-1 0.473061 0.526939
1 0.975497 0.0245026
1 0.797105 0.202895
-1 0.188348 0.811652
1 0.979292 0.0207082
1 0.871243 0.128757
-1 0.237102 0.762898
1 0.730633 0.269367
1 0.948087 0.0519133
1 0.964975 0.0350253
-1 0.307646 0.692354
1 0.951331 0.0486685
-1 0.0925748 0.907425
-1 0.0674433 0.932557
1 0.957055 0.0429446
-1 0.0453384 0.954662
1 0.998299 0.00170096
1 0.964619 0.0353806
1 0.527799 0.472201
1 0.534436 0.465564
1 0.87031 0.12969
-1 0.129767 0.870233
-1 0.151653 0.848347
-1 0.00125495 0.998745
1 0.987855 0.0121455
-1 0.0436613 0.956339
-1 0.00788739 0.992113
1 0.977616 0.0223835
1 0.859081 0.140919
-1 0.354503 0.645497
1 0.970904 0.0290959
-1 0.189278 0.810722
1 0.712968 0.287032
1 0.944493 0.0555072
1 0.996793 0.00320696
-1 0.00112255 0.998877
1 0.992981 0.00701922
-1 0.0485963 0.951404
-1 0.00354657 0.996453
-1 0.383742 0.616258
-1 0.260974 0.739026
1 0.767078 0.232922
-1 0.00675251 0.993247
-1 0.0679431 0.932057
1 0.708801 0.291199
-1 0.48736 0.51264
1 0.978893 0.021107
1 0.964861 0.0351393
1 0.903816 0.0961839
1 0.701863 0.298137
1 0.89515 0.10485
-1 0.122747 0.877253
1 0.685639 0.314361
-1 0.126711 0.873289
-1 0.184944 0.815056
1 0.983703 0.0162972
-1 0.0734438 0.926556
-1 0.332702 0.667298
-1 0.108793 0.891207
-1 0.012831 0.987169
1 0.595712 0.404288
1 0.710649 0.289351
1 0.698546 0.301454
1 0.974721 0.0252793
-1 0.270386 0.729614
-1 0.0855232 0.914477
-1 0.0952356 0.904764
1 0.969785 0.0302154
1 0.730642 0.269358
-1 0.0116789 0.988321
-1 0.0316317 0.968368
1 0.573702 0.426298
1 0.989781 0.0102194
-1 0.269084 0.730916
1 0.709766 0.290234
1 0.627389 0.372611
-1 0.385765 0.614235
-1 0.0638946 0.936105
-1 0.0652493 0.934751
-1 0.0170212 0.982979
-1 0.0511267 0.948873
1 0.90313 0.0968698
1 0.985683 0.0143173
1 0.530681 0.469319
-1 0.357889 0.642111
-1 0.0812339 0.918766
-1 0.191642 0.808358
1 0.567733 0.432267
1 0.946252 0.0537475
1 0.847112 0.152888
1 0.600081 0.399919
-1 0.0569653 0.943035
-1 0.0338118 0.966188
-1 0.0965284 0.903472
1 0.978533 0.0214667
-1 0.00349022 0.99651
-1 0.00405393 0.995946
-1 0.462927 0.537073
1 0.876842 0.123158
1 0.963169 0.0368314
1 0.61872 0.38128
-1 3.41437e-05 0.999966
1 0.743965 0.256035
-1 0.189955 0.810045
-1 0.270338 0.729662
1 0.995428 0.00457237
1 0.996842 0.00315819
1 0.825137 0.174863
1 0.564887 0.435113
-1 0.0402268 0.959773
-1 0.47925 0.52075
-1 0.383887 0.616113
-1 0.293115 0.706885
-1 0.113096 0.886904
-1 0.000622127 0.999378
1 0.999036 0.000964328
-1 0.0428552 0.957145
-1 0.0687079 0.931292
-1 0.142224 0.857776
1 0.995515 0.00448459
-1 0.0252917 0.974708
-1 0.0986199 0.90138
1 0.707168 0.292832
1 0.744335 0.255665
1 0.780627 0.219373
1 0.9902 0.00980004
-1 0.0276184 0.972382
-1 0.216436 0.783564
-1 0.000713224 0.999287
-1 0.396556 0.603444
1 0.956918 0.0430818
1 0.644373 0.355627
1 0.70282 0.29718
-1 0.295946 0.704054
1 0.843957 0.156043
1 0.811229 0.188771
1 0.55351 0.44649
-1 0.00242893 0.997571
-1 0.320309 0.679691
-1 0.0908415 0.909159
1 0.612461 0.387539
1 0.617376 0.382624
-1 0.307583 0.692417
1 0.993916 0.00608432
1 0.746616 0.253384
1 0.693056 0.306944
-1 0.09627 0.90373
-1 0.00301048 0.99699
-1 0.160134 0.839866
-1 0.0697016 0.930298
-1 0.000486015 0.999514
1 0.989784 0.0102155
1 0.829201 0.170799
1 0.55739 0.44261
1 0.519891 0.480109
-1 0.255577 0.744423
1 0.989942 0.0100584
1 0.949058 0.0509423
-1 0.367052 0.632948
-1 0.121357 0.878643
-1 0.0607604 0.93924
1 0.995154 0.00484618
1 0.844694 0.155306
-1 0.0274786 0.972521
-1 0.211133 0.788867
-1 0.411866 0.588134
-1 0.333619 0.666381
-1 0.165372 0.834628
1 0.783288 0.216712
1 0.891696 0.108304
-1 0.0767402 0.92326
-1 0.0039073 0.996093
1 0.552828 0.447172
-1 0.00156099 0.998439
1 0.744702 0.255298
1 0.911597 0.0884028
-1 0.201497 0.798503
-1 0.394164 0.605836
1 0.997641 0.00235949
1 0.685797 0.314203
-1 0.00767953 0.99232
-1 0.317994 0.682006
-1 0.00735896 0.992641
-1 0.0120469 0.987953
-1 0.221258 0.778742
-1 0.145208 0.854792
-1 0.161357 0.838643
1 0.82385 0.17615
-1 0.0571976 0.942802
1 0.928734 0.0712664
-1 0.0495363 0.950464
1 0.722093 0.277907
-1 0.0578024 0.942198
-1 0.0121693 0.987831
-1 0.317042 0.682958
1 0.89943 0.10057
-1 0.002042 0.997958
-1 0.409314 0.590686
-1 0.00570735 0.994293
1 0.741069 0.258931
-1 0.318352 0.681648
-1 0.139853 0.860147
1 0.975967 0.0240332
1 0.99689 0.00311045
-1 0.225413 0.774587
-1 0.0527113 0.947289
-1 0.272369 0.727631
1 0.988785 0.0112145
1 0.553081 0.446919
1 0.948423 0.0515773
1 0.790363 0.209637
1 0.739556 0.260444
1 0.897707 0.102293
1 0.923864 0.0761363
-1 0.0192265 0.980774
-1 0.391731 0.608269
1 0.942912 0.057088
-1 0.331713 0.668287
1 0.832053 0.167947
1 0.578344 0.421656
-1 0.0092559 0.990744
1 0.958509 0.041491
1 0.918521 0.0814791
-1 0.00194274 0.998057
-1 0.0166948 0.983305
1 0.528947 0.471053
-1 0.00972726 0.990273
-1 0.00547014 0.99453
1 0.997503 0.00249714
1 0.862075 0.137925
1 0.929389 0.0706109
-1 0.0507813 0.949219
1 0.559265 0.440735
1 0.958615 0.0413854
-1 0.420642 0.579358
1 0.8538 0.1462
-1 0.345241 0.654759
-1 0.00821257 0.991787
1 0.943119 0.0568806
-1 0.0023972 0.997603
1 0.914959 0.0850414
1 0.721873 0.278127
1 0.981347 0.0186528
1 0.973596 0.0264043
-1 0.203031 0.796969
1 0.721996 0.278004
1 0.883352 0.116648
-1 0.424158 0.575842
-1 0.408165 0.591835
1 0.979071 0.0209293
-1 0.226399 0.773601
1 0.888524 0.111476
-1 0.000648036 0.999352
-1 0.160448 0.839552
-1 0.0295174 0.970483
1 0.639465 0.360535
1 0.531139 0.468861
1 0.693176 0.306824
-1 0.331759 0.668241
1 0.983768 0.0162323
-1 0.128776 0.871224
-1 0.399284 0.600716
-1 0.346531 0.653469
1 0.996009 0.00399136
-1 0.00812873 0.991871
-1 0.150315 0.849685
1 0.992549 0.00745095
-1 0.00984387 0.990156
1 0.996327 0.00367346
1 0.844736 0.155264
1 0.993195 0.00680466
-1 0.00371147 0.996289
-1 0.169481 0.830519
1 0.59205 0.40795
-1 0.323678 0.676322
1 0.954338 0.0456621
-1 0.0303673 0.969633
1 0.715865 0.284135
-1 0.133139 0.866861
-1 0.476075 0.523925
-1 0.0622407 0.937759
-1 0.197887 0.802113
1 0.991919 0.00808066
-1 0.221261 0.778739
-1 0.013838 0.986162
-1 0.0447035 0.955296
-1 0.00248664 0.997513
-1 0.0162687 0.983731
-1 0.0714301 0.92857
1 0.821762 0.178238
-1 0.00465678 0.995343
-1 0.197156 0.802844
1 0.539058 0.460942
1 0.941165 0.0588348
1 0.577429 0.422571
-1 0.322421 0.677579
-1 0.253789 0.746211
1 0.926659 0.0733406
1 0.750866 0.249134
-1 0.00578448 0.994216
1 0.860851 0.139149
1 0.913475 0.0865248
1 0.502737 0.497263
-1 0.0326333 0.967367
-1 0.0201638 0.979836
-1 0.380325 0.619675
-1 0.42743 0.57257
1 0.804516 0.195484
1 0.993583 0.00641674
-1 0.497354 0.502646
1 0.522542 0.477458
-1 0.0214569 0.978543
1 0.979364 0.0206355
-1 0.411058 0.588942
-1 0.0362464 0.963754
-1 0.00152243 0.998478
1 0.955232 0.0447684
1 0.805858 0.194142
-1 0.000349464 0.999651
1 0.996303 0.00369693
-1 0.0141375 0.985862
1 0.765973 0.234027
1 0.988894 0.0111057
1 0.617024 0.382976
-1 0.000101876 0.999898
-1 0.173768 0.826232
-1 0.427288 0.572712
-1 0.0425651 0.957435
-1 0.0421617 0.957838
1 0.999845 0.000154844
-1 0.137747 0.862253
-1 0.168419 0.831581
1 0.964961 0.0350394
1 0.898894 0.101106
-1 0.00115261 0.998847
-1 0.000130921 0.999869
1 0.820142 0.179858
-1 0.0878861 0.912114
-1 0.366166 0.633834
1 0.997368 0.0026324
-1 0.00204542 0.997955
-1 0.295102 0.704898
-1 0.0358599 0.96414
-1 0.0108828 0.989117
-1 0.139239 0.860761
1 0.990118 0.00988207
1 0.690545 0.309455
-1 0.300902 0.699098
-1 0.0698972 0.930103
1 0.774008 0.225992
-1 0.385868 0.614132
1 0.908869 0.091131
-1 0.444908 0.555092
1 0.99726 0.0027402
-1 0.0565585 0.943441
1 0.734383 0.265617
1 0.970952 0.0290476
1 0.937182 0.0628182
-1 0.00795045 0.99205
1 0.874035 0.125965
1 0.999633 0.000367177
-1 0.184785 0.815215
1 0.529915 0.470085
-1 0.326238 0.673762
-1 0.108833 0.891167
1 0.53924 0.46076
1 0.964883 0.0351171
-1 0.108847 0.891153
1 0.982904 0.017096
1 0.610418 0.389582
-1 0.241962 0.758038
1 0.985049 0.0149512
1 0.697149 0.302851
-1 0.316476 0.683524
-1 0.261568 0.738432
1 0.86538 0.13462
-1 0.286714 0.713286
-1 0.266448 0.733552
1 0.506537 0.493463
-1 0.0227711 0.977229
-1 0.245882 0.754118
1 0.979384 0.0206155
1 0.969013 0.0309869
1 0.987764 0.0122361
1 0.998543 0.00145715
1 0.652029 0.347971
1 0.984958 0.0150422
1 0.845913 0.154087
1 0.929426 0.0705739
-1 0.010093 0.989907
-1 0.338631 0.661369
-1 0.0279842 0.972016
-1 0.337666 0.662334
-1 0.103108 0.896892
1 0.558275 0.441725
1 0.958226 0.0417743
-1 0.0111356 0.988864
-1 0.217309 0.782691
1 0.998526 0.0014744
-1 0.269057 0.730943
-1 0.203956 0.796044
-1 0.286242 0.713758
1 0.61563 0.38437
1 0.559223 0.440777
1 0.628941 0.371059
-1 0.0519597 0.94804
-1 0.267497 0.732503
1 0.998484 0.0015164
-1 0.119404 0.880596
1 0.869148 0.130852
1 0.684406 0.315594
1 0.993096 0.00690383
1 0.945339 0.0546611
1 0.578186 0.421814
-1 0.109835 0.890165
-1 0.0327393 0.967261
-1 0.165279 0.834721
1 0.992127 0.00787317
-1 0.324004 0.675996
1 0.785632 0.214368
1 0.880657 0.119343
-1 0.114752 0.885248
1 0.980567 0.0194331
-1 0.0257865 0.974213
1 0.864653 0.135347
1 0.665956 0.334044
-1 0.282598 0.717402
1 0.603525 0.396475
-1 0.0827597 0.91724
-1 0.0581556 0.941844
1 0.838587 0.161413
-1 0.251776 0.748224
-1 0.0539694 0.946031
1 0.908556 0.0914436
-1 0.0829552 0.917045
1 0.504334 0.495666
1 0.916182 0.0838176
-1 0.204564 0.795436
1 0.530643 0.469357
-1 0.234866 0.765134
-1 0.0326945 0.967306
-1 0.00955412 0.990446
-1 0.279835 0.720165
-1 0.164718 0.835282
-1 0.0800335 0.919966
-1 0.154317 0.845683
-1 0.339585 0.660415
1 0.645203 0.354797
-1 0.0961941 0.903806
-1 0.226578 0.773422
1 0.732416 0.267584
1 0.987152 0.0128477
-1 0.075792 0.924208
-1 0.00410979 0.99589
-1 0.0454075 0.954592
-1 0.181193 0.818807
-1 0.11549 0.88451
-1 0.36015 0.63985
1 0.825636 0.174364
-1 0.317388 0.682612
-1 0.0230547 0.976945
1 0.994223 0.00577652
1 0.977486 0.0225145
-1 0.0566439 0.943356
1 0.906429 0.0935709
1 0.65741 0.34259
-1 0.153148 0.846852
-1 0.110145 0.889855
-1 0.00560893 0.994391
1 0.754197 0.245803
-1 0.00277079 0.997229
-1 0.19807 0.80193
-1 0.304521 0.695479
1 0.986933 0.0130672
1 0.508566 0.491434
-1 0.412422 0.587578
1 0.543855 0.456145
-1 0.33287 0.66713
1 0.950014 0.0499862
1 0.634437 0.365563
-1 0.12453 0.87547
1 0.998405 0.00159464
1 0.718419 0.281581
1 0.910269 0.0897308
-1 0.0560739 0.943926
1 0.959378 0.0406219
1 0.996995 0.00300486
-1 0.271732 0.728268
1 0.987447 0.0125525
1 0.514553 0.485447
-1 0.0151237 0.984876
-1 0.124468 0.875532
-1 0.334852 0.665148
-1 0.0826966 0.917303
-1 0.178933 0.821067
1 0.933543 0.0664571
1 0.966726 0.033274
-1 0.0217662 0.978234
-1 0.395179 0.604821
-1 0.417586 0.582414
-1 0.0866103 0.91339
1 0.960488 0.0395116
1 0.588476 0.411524
1 0.850535 0.149465
1 0.991243 0.00875668
1 0.827223 0.172777
1 0.904303 0.0956974
1 0.955633 0.0443668
-1 0.301076 0.698924
-1 0.0132884 0.986712
-1 0.233142 0.766858
-1 0.0981603 0.90184
1 0.587049 0.412951
1 0.963417 0.0365828
-1 0.0266918 0.973308
-1 0.155687 0.844313
-1 0.254802 0.745198
1 0.660363 0.339637
-1 0.168467 0.831533
1 0.969466 0.0305344
-1 0.121576 0.878424
-1 0.0682048 0.931795
1 0.873031 0.126969
1 0.993764 0.00623602
1 0.654972 0.345028
1 0.998467 0.00153346
1 0.982681 0.017319
-1 0.0310389 0.968961
-1 0.0455399 0.95446
-1 0.0340925 0.965907
1 0.860883 0.139117
-1 0.339144 0.660856
-1 0.490147 0.509853
1 0.720683 0.279317
-1 0.000687112 0.999313
1 0.609783 0.390217
-1 0.382394 0.617606
-1 0.00215985 0.99784
-1 0.00132564 0.998674
-1 0.0495781 0.950422
-1 0.442705 0.557295
-1 0.374422 0.625578
1 0.872287 0.127713
1 0.973064 0.0269357
-1 0.315445 0.684555
1 0.992005 0.00799543
-1 0.0114722 0.988528
1 0.664163 0.335837
-1 0.163212 0.836788
-1 0.0563738 0.943626
1 0.69128 0.30872
-1 0.0104939 0.989506
1 0.658742 0.341258
-1 0.270531 0.729469
-1 0.224948 0.775052
-1 0.164302 0.835698
-1 0.0199337 0.980066
-1 0.468473 0.531527
1 0.885809 0.114191
-1 0.00677975 0.99322
-1 0.000722476 0.999278
1 0.885601 0.114399
1 0.988165 0.0118353
1 0.901087 0.0989127
1 0.859073 0.140927
-1 0.156544 0.843456
1 0.686177 0.313823
-1 0.237338 0.762662
1 0.857517 0.142483
1 0.886466 0.113534
-1 0.0184355 0.981565
1 0.997556 0.00244374
1 0.997611 0.00238934
1 0.824457 0.175543
1 0.936313 0.0636873
-1 0.00521965 0.99478
-1 0.02487 0.97513
1 0.949109 0.0508905
-1 0.0048755 0.995125
-1 0.117179 0.882821
1 0.881853 0.118147
-1 0.0274722 0.972528
1 0.704298 0.295702
-1 0.0864387 0.913561
-1 0.235598 0.764402
1 0.958183 0.0418168
1 0.867043 0.132957
1 0.97598 0.0240202
-1 0.476056 0.523944
1 0.959735 0.0402651
-1 0.378489 0.621511
-1 0.171718 0.828282
-1 0.0058175 0.994183
-1 0.473634 0.526366
1 0.714179 0.285821
-1 0.0114108 0.988589
-1 0.149653 0.850347
-1 0.00028807 0.999712
-1 0.0216458 0.978354
-1 0.0209926 0.979007
1 0.978697 0.0213031
1 0.762893 0.237107
1 0.526939 0.473061
1 0.997547 0.00245306
-1 0.0122963 0.987704
1 0.980787 0.0192133
1 0.654276 0.345724
-1 0.224824 0.775176
1 0.904523 0.0954774
-1 0.473519 0.526481
-1 0.202713 0.797287
-1 0.168865 0.831135
1 0.844891 0.155109
1 0.58019 0.41981
-1 0.143618 0.856382
1 0.638511 0.361489
1 0.946906 0.0530943
1 0.735742 0.264258
-1 0.408189 0.591811
1 0.869145 0.130855
-1 0.406728 0.593272
1 0.740218 0.259782
-1 0.159499 0.840501
1 0.699641 0.300359
-1 0.468962 0.531038
1 0.990916 0.00908425
1 0.808931 0.191069
1 0.963885 0.0361148
1 0.947677 0.052323
-1 0.000522974 0.999477
-1 0.0307458 0.969254
-1 0.00967115 0.990329
-1 0.495583 0.504417
1 0.72278 0.27722
1 0.949338 0.0506617
1 0.992684 0.00731585
1 0.527057 0.472943
1 0.929106 0.0708943
1 0.953601 0.0463991
-1 0.124037 0.875963
1 0.832339 0.167661
1 0.554098 0.445902
1 0.977399 0.0226011
1 0.830728 0.169272
1 0.964176 0.0358241
-1 0.285616 0.714384
1 0.752703 0.247297
1 0.938942 0.0610584
-1 0.344316 0.655684
1 0.958231 0.0417692
-1 0.0913446 0.908655
-1 0.108184 0.891816
1 0.865579 0.134421
1 0.947903 0.0520966
-1 0.0163417 0.983658
1 0.793447 0.206553
1 0.996855 0.00314548
-1 0.0194732 0.980527
1 0.966308 0.0336924
-1 0.126659 0.873341
-1 0.324334 0.675666
-1 0.32539 0.67461
-1 0.0401869 0.959813
1 0.865921 0.134079
1 0.797677 0.202323
-1 0.47731 0.52269
-1 0.234223 0.765777
-1 0.118929 0.881071
1 0.945022 0.0549782
-1 0.446594 0.553406
-1 0.00346415 0.996536
-1 0.0246319 0.975368
-1 0.171386 0.828614
-1 0.0555606 0.944439
-1 0.0481891 0.951811
1 0.514938 0.485062
1 0.987341 0.0126591
1 0.96678 0.0332204
-1 0.016609 0.983391
1 0.502101 0.497899
1 0.903859 0.0961413
-1 0.0512713 0.948729
-1 0.317614 0.682386
-1 0.306469 0.693531
-1 0.312908 0.687092
1 0.891345 0.108655
-1 0.0276208 0.972379
1 0.989986 0.0100138
1 0.545499 0.454501
-1 0.302864 0.697136
-1 0.0368757 0.963124
-1 0.00850818 0.991492
-1 0.130805 0.869195
-1 0.260567 0.739433
-1 0.493909 0.506091
1 0.918457 0.0815426
-1 0.0301053 0.969895
1 0.838526 0.161474
-1 0.00504105 0.994959
1 0.583625 0.416375
-1 0.277682 0.722318
-1 0.248827 0.751173
-1 0.0331862 0.966814
1 0.781901 0.218099
-1 0.0123326 0.987667
-1 0.00233715 0.997663
1 0.747882 0.252118
1 0.541165 0.458835
-1 0.0431336 0.956866
-1 0.00146262 0.998537
1 0.723424 0.276576
1 0.939886 0.0601139
-1 0.0955627 0.904437
-1 0.230212 0.769788
-1 0.190744 0.809256
-1 0.209143 0.790857
1 0.505964 0.494036
1 0.99352 0.0064799
-1 0.0235723 0.976428
1 0.851866 0.148134
-1 0.097786 0.902214
1 0.770619 0.229381
-1 0.207834 0.792166
-1 0.140668 0.859332
1 0.703462 0.296538
1 0.997979 0.00202122
-1 0.182747 0.817253
1 0.989075 0.0109251
1 0.785591 0.214409
1 0.962578 0.0374217
1 0.757565 0.242435
1 0.639308 0.360692
-1 0.125527 0.874473
1 0.992957 0.00704302
-1 0.224163 0.775837
1 0.828985 0.171015
-1 0.247121 0.752879
1 0.775991 0.224009
-1 0.00133102 0.998669
-1 0.0674085 0.932592
1 0.852994 0.147006
-1 0.182813 0.817187
-1 0.0544488 0.945551
1 0.74229 0.25771
1 0.554247 0.445753
-1 0.0114658 0.988534
1 0.709127 0.290873
-1 0.327268 0.672732
1 0.958759 0.0412411
1 0.99502 0.00497995
-1 0.113181 0.886819
1 0.605215 0.394785
-1 0.0331398 0.96686
-1 0.0422023 0.957798
-1 0.00720408 0.992796
1 0.72548 0.27452
-1 0.132467 0.867533
-1 0.00102027 0.99898
1 0.608287 0.391713
-1 0.0125289 0.987471
1 0.828073 0.171927
-1 0.00639808 0.993602
-1 0.109217 0.890783
-1 0.165678 0.834322
-1 0.0115639 0.988436
-1 0.0319503 0.96805
-1 0.183964 0.816036
-1 0.0068834 0.993117
1 0.918499 0.0815013
1 0.916892 0.0831081
1 0.984237 0.0157633
-1 0.311067 0.688933
-1 0.0940384 0.905962
1 0.58681 0.41319
-1 0.0816134 0.918387
-1 0.0988539 0.901146
1 0.996488 0.00351222
1 0.907756 0.0922438
-1 0.00815446 0.991846
1 0.936582 0.0634177
1 0.572011 0.427989
-1 0.403108 0.596892
-1 0.140859 0.859141
1 0.547759 0.452241
1 0.968283 0.0317172
1 0.811356 0.188644
1 0.76803 0.23197
-1 0.364968 0.635032
1 0.929273 0.0707272
1 0.999983 1.72138e-05
1 0.584166 0.415834
1 0.813946 0.186054
-1 0.336703 0.663297
-1 0.0654262 0.934574
-1 0.475162 0.524838
-1 0.0859123 0.914088
1 0.907003 0.0929969
1 0.955021 0.0449794
1 0.958348 0.0416525
-1 0.076164 0.923836
-1 0.00646632 0.993534
-1 0.0334418 0.966558
-1 0.0431826 0.956817
1 0.700529 0.299471
-1 0.105806 0.894194
-1 0.231293 0.768707
1 0.986733 0.0132671
-1 0.206619 0.793381
-1 0.00165776 0.998342
1 0.547097 0.452903
-1 0.0109476 0.989052
-1 0.174745 0.825255
-1 0.371987 0.628013
-1 0.162632 0.837368
1 0.734807 0.265193
-1 0.449286 0.550714
1 0.513017 0.486983
1 0.580387 0.419613
1 0.909164 0.0908356
-1 0.0411174 0.958883
1 0.801511 0.198489
-1 0.0277525 0.972247
-1 0.0869679 0.913032
-1 0.00100782 0.998992
-1 0.299862 0.700138
-1 0.104968 0.895032
-1 0.016957 0.983043
1 0.567615 0.432385
1 0.934351 0.0656494
1 0.975655 0.0243447
-1 0.0278746 0.972125
1 0.55037 0.44963
-1 0.138941 0.861059
-1 0.153414 0.846586
-1 0.0138593 0.986141
-1 0.0910363 0.908964
-1 0.188727 0.811273
1 0.888792 0.111208
-1 0.0466165 0.953384
1 0.695675 0.304325
1 0.99608 0.00391984
1 0.555676 0.444324
-1 0.450425 0.549575
-1 0.0231219 0.976878
1 0.824756 0.175244
-1 0.36725 0.63275
-1 0.00196166 0.998038
1 0.993891 0.00610874
1 0.985317 0.0146834
-1 0.156721 0.843279
1 0.927181 0.0728185
1 0.820695 0.179305
-1 0.0772622 0.922738
-1 0.108313 0.891687
-1 0.00155345 0.998447
1 0.962085 0.037915
-1 0.274691 0.725309
1 0.902454 0.0975457
-1 0.00312885 0.996871
1 0.878062 0.121938
1 0.605964 0.394036
1 0.993754 0.0062463
1 0.991804 0.00819597
1 0.985807 0.0141927
-1 0.0026908 0.997309
1 0.921698 0.0783015
-1 0.0104161 0.989584
-1 0.04141 0.95859
1 0.779558 0.220442
-1 0.0501128 0.949887
1 0.884301 0.115699
1 0.970247 0.0297534
-1 0.0198222 0.980178
1 0.806661 0.193339
1 0.953538 0.0464621
1 0.734748 0.265252
-1 0.00285578 0.997144
-1 0.0388385 0.961162
-1 0.133435 0.866565
1 0.936387 0.0636134
1 0.802398 0.197602
-1 0.0687694 0.931231
1 0.694211 0.305789
-1 0.0058935 0.994106
1 0.561175 0.438825
1 0.993951 0.00604925
1 0.913793 0.0862071
1 0.783221 0.216779
1 0.768374 0.231626
-1 0.193303 0.806697
-1 0.426245 0.573755
1 0.994844 0.00515575
1 0.997558 0.00244168
1 0.678911 0.321089
1 0.599621 0.400379
-1 0.0512222 0.948778
1 0.520959 0.479041
1 0.520666 0.479334
1 0.994417 0.00558324
1 0.926978 0.073022
-1 0.411859 0.588141
1 0.909449 0.0905507
1 0.938575 0.0614252
-1 0.499683 0.500317
-1 0.454424 0.545576
1 0.631207 0.368793
-1 0.467502 0.532498
-1 0.00528388 0.994716
-1 0.160105 0.839895
1 0.969009 0.0309912
-1 0.00444566 0.995554
1 0.735757 0.264243
-1 0.0153189 0.984681
-1 0.129397 0.870603
1 0.813955 0.186045
-1 0.322371 0.677629
-1 0.413613 0.586387
1 0.876824 0.123176
-1 0.279492 0.720508
1 0.77164 0.22836
1 0.997198 0.00280158
1 0.769291 0.230709
1 0.552373 0.447627
1 0.906961 0.0930389
-1 0.225746 0.774254
1 0.957366 0.042634
-1 0.00650074 0.993499
1 0.926213 0.0737868
-1 0.00808826 0.991912
1 0.976842 0.023158
-1 0.0936319 0.906368
-1 0.0699355 0.930065
-1 0.355232 0.644768
1 0.5186 0.4814
1 0.982329 0.0176712
-1 0.257078 0.742922
1 0.882575 0.117425
-1 0.255936 0.744064
-1 0.209439 0.790561
1 0.936339 0.0636611
-1 0.0535526 0.946447
1 0.991459 0.00854086
1 0.991051 0.00894902
1 0.915248 0.0847519
1 0.713084 0.286916
-1 0.45688 0.54312
1 0.66598 0.33402
-1 0.0447231 0.955277
-1 0.323132 0.676868
1 0.557786 0.442214
-1 0.359411 0.640589
1 0.638934 0.361066
1 0.714926 0.285074
1 0.829624 0.170376
-1 0.498661 0.501339
-1 0.260172 0.739828
1 0.956337 0.0436627
1 0.767294 0.232706
1 0.89723 0.10277
-1 0.104094 0.895906
-1 0.00566506 0.994335
-1 0.150844 0.849156
1 0.956041 0.0439595
-1 0.394925 0.605075
-1 0.0401584 0.959842
-1 0.212452 0.787548
1 0.555672 0.444328
1 0.679983 0.320017
-1 0.233645 0.766355
-1 0.00441577 0.995584
1 0.867112 0.132888
1 0.972013 0.0279872
1 0.863195 0.136805
-1 0.0158073 0.984193
-1 0.15883 0.84117
1 0.695771 0.304229
1 0.806123 0.193877
-1 0.0122505 0.987749
-1 0.000586667 0.999413
-1 0.0194669 0.980533
1 0.951891 0.0481091
1 0.999334 0.000666189
1 0.9859 0.0141005
-1 0.125429 0.874571
-1 0.00727374 0.992726
1 0.722772 0.277228
1 0.961819 0.0381811
-1 0.000126621 0.999873
1 0.947737 0.0522633
-1 0.138216 0.861784
1 0.996695 0.00330493
1 0.987829 0.0121715
-1 0.101236 0.898764
1 0.82079 0.17921
-1 0.0127891 0.987211
1 0.944653 0.0553468
1 0.726994 0.273006
-1 0.0024085 0.997591
1 0.711427 0.288573
-1 0.159466 0.840534
-1 0.287191 0.712809
-1 0.109616 0.890384
-1 0.405585 0.594415
-1 0.0761105 0.92389
1 0.982832 0.0171683
-1 0.00888671 0.991113
1 0.965282 0.0347185
-1 0.0403217 0.959678
1 0.943449 0.0565511
1 0.872127 0.127873
-1 0.141679 0.858321
-1 0.199228 0.800772
-1 0.209013 0.790987
1 0.971378 0.0286217
-1 0.250973 0.749027
-1 0.0871748 0.912825
-1 0.0983764 0.901624
-1 0.0471242 0.952876
1 0.981535 0.0184649
-1 0.0395743 0.960426
1 0.954425 0.0455749
-1 0.255125 0.744875
-1 0.039525 0.960475
1 0.992844 0.00715645
1 0.79639 0.20361
-1 0.101702 0.898298
-1 0.05633 0.94367
-1 0.0242048 0.975795
-1 0.199576 0.800424
-1 0.0144749 0.985525
1 0.828649 0.171351
-1 0.40532 0.59468
-1 0.00857321 0.991427
1 0.674194 0.325806
-1 0.256937 0.743063
-1 0.0225796 0.97742
1 0.649972 0.350028
-1 0.134664 0.865336
1 0.777872 0.222128
1 0.743741 0.256259
-1 0.0385261 0.961474
1 0.989687 0.0103127
1 0.988116 0.0118837
1 0.691625 0.308375
-1 0.000987572 0.999012
1 0.840564 0.159436
1 0.974351 0.0256489
1 0.971266 0.0287342
1 0.932832 0.0671677
-1 0.168886 0.831114
-1 0.390179 0.609821
-1 0.0112398 0.98876
-1 0.158088 0.841912
1 0.9736 0.0264
1 0.777552 0.222448
1 0.897505 0.102495
-1 0.0187239 0.981276
-1 0.37069 0.62931
-1 0.299421 0.700579
-1 0.00375002 0.99625
-1 0.43541 0.56459
1 0.942326 0.0576738
-1 0.44645 0.55355
1 0.657897 0.342103
1 0.771221 0.228779
1 0.993088 0.00691176
-1 0.0148402 0.98516
1 0.662017 0.337983
-1 0.0239886 0.976011
1 0.991919 0.00808066
-1 0.00636521 0.993635
-1 0.449799 0.550201
-1 0.491061 0.508939
-1 0.490317 0.509683
-1 0.168294 0.831706
1 0.993231 0.00676852
-1 0.00324768 0.996752
-1 0.103222 0.896778
1 0.813571 0.186429
-1 0.288892 0.711108
-1 0.00195337 0.998047
1 0.984683 0.0153168
1 0.878098 0.121902
-1 0.128821 0.871179
1 0.811895 0.188105
-1 0.157182 0.842818
-1 0.0961266 0.903873
1 0.998414 0.00158553
-1 0.287187 0.712813
-1 0.142954 0.857046
-1 0.25374 0.74626
-1 0.0165641 0.983436
-1 0.0289538 0.971046
1 0.604022 0.395978
-1 0.444261 0.555739
1 0.704024 0.295976
1 0.839928 0.160072
1 0.602978 0.397022
-1 0.00721453 0.992785
-1 0.036814 0.963186
-1 0.11212 0.88788
1 0.922929 0.077071
-1 0.00939785 0.990602
-1 0.26094 0.73906
1 0.638167 0.361833
1 0.987509 0.012491
-1 0.00108023 0.99892
-1 0.156689 0.843311
-1 0.0740397 0.92596
1 0.990455 0.00954499
-1 0.00794722 0.992053
-1 0.204048 0.795952
1 0.987176 0.0128239
1 0.520213 0.479787
1 0.776949 0.223051
-1 0.259046 0.740954
-1 0.470507 0.529493
-1 0.00271558 0.997284
-1 0.470909 0.529091
1 0.830712 0.169288
-1 0.260026 0.739974
1 0.740956 0.259044
1 0.734522 0.265478
-1 0.0723181 0.927682
-1 0.244278 0.755722
-1 0.361474 0.638526
1 0.962397 0.0376029
-1 0.235045 0.764955
1 0.890694 0.109306
-1 0.460336 0.539664
-1 0.255276 0.744724
-1 0.0577086 0.942291
1 0.619999 0.380001
1 0.769573 0.230427
1 0.830541 0.169459
-1 0.147133 0.852867
1 0.877125 0.122875
-1 0.109935 0.890065
1 0.821789 0.178211
-1 0.0110794 0.988921
-1 0.368727 0.631273
1 0.714808 0.285192
1 0.931095 0.0689046
-1 0.499048 0.500952
-1 0.194984 0.805016
-1 0.0931041 0.906896
-1 0.123045 0.876955
1 0.63296 0.36704
-1 0.290387 0.709613
1 0.554351 0.445649
-1 0.00198452 0.998015
1 0.994554 0.0054459
-1 0.0271844 0.972816
-1 0.100271 0.899729
-1 0.397514 0.602486
1 0.920533 0.0794674
1 0.991111 0.00888888
1 0.996448 0.00355232
1 0.992607 0.00739257
-1 0.174231 0.825769
1 0.718252 0.281748
-1 0.438594 0.561406
1 0.997998 0.00200167
1 0.996779 0.00322068
-1 0.162665 0.837335
1 0.86946 0.13054
-1 0.0611879 0.938812
-1 0.359916 0.640084
-1 0.180867 0.819133
-1 0.0729458 0.927054
-1 0.00816558 0.991834
1 0.904221 0.0957793
1 0.960077 0.039923
-1 0.454839 0.545161
1 0.851378 0.148622
1 0.557766 0.442234
-1 0.302555 0.697445
-1 0.0936934 0.906307
-1 0.292308 0.707692
-1 0.00339308 0.996607
-1 0.0094203 0.99058
-1 0.189052 0.810948
1 0.509216 0.490784
1 0.950285 0.0497146
1 0.751847 0.248153
-1 0.145513 0.854487
1 0.779208 0.220792
1 0.646402 0.353598
-1 0.0276743 0.972326
1 0.626225 0.373775
-1 0.0021547 0.997845
1 0.956845 0.0431552
1 0.997135 0.00286463
-1 0.0392537 0.960746
1 0.932425 0.0675747
-1 0.0676064 0.932394
1 0.85186 0.14814
-1 0.0282451 0.971755
1 0.980397 0.0196031
-1 0.445235 0.554765
1 0.99348 0.00651961
1 0.972264 0.027736
1 0.544577 0.455423
1 0.973407 0.0265925
1 0.698538 0.301462
-1 0.0706623 0.929338
1 0.830452 0.169548
-1 0.41359 0.58641
1 0.982247 0.0177528
-1 0.28116 0.71884
1 0.546668 0.453332
1 0.989626 0.0103744
1 0.747185 0.252815
-1 0.0562256 0.943774
1 0.794292 0.205708
1 0.994862 0.00513846
1 0.827896 0.172104
1 0.673044 0.326956
1 0.571352 0.428648
1 0.640018 0.359982
-1 0.447317 0.552683
-1 0.0944634 0.905537
-1 0.0282863 0.971714
-1 0.160817 0.839183
-1 0.0035982 0.996402
-1 0.482269 0.517731
1 0.992985 0.00701474
1 0.906988 0.0930116
-1 0.000122467 0.999878
1 0.657746 0.342254
1 0.66824 0.33176
-1 0.0226949 0.977305
-1 0.0640219 0.935978
-1 0.411812 0.588188
-1 0.24511 0.75489
-1 0.23599 0.76401
-1 0.000242005 0.999758
1 0.951296 0.0487041
-1 0.138656 0.861344
1 0.959832 0.0401681
1 0.96029 0.0397096
-1 1.50742e-05 0.999985
-1 0.0513145 0.948686
-1 0.403448 0.596552
-1 0.0111703 0.98883
1 0.8835 0.1165
1 0.677066 0.322934
1 0.69791 0.30209
1 0.881077 0.118923
-1 0.142938 0.857062
1 0.95699 0.0430101
1 0.898579 0.101421
-1 0.196011 0.803989
-1 0.474404 0.525596
-1 0.377822 0.622178
1 0.98007 0.0199305
-1 0.288797 0.711203
-1 0.00512772 0.994872
1 0.846532 0.153468
-1 0.0057957 0.994204
1 0.913142 0.0868578
1 0.958111 0.0418892
-1 0.462647 0.537353
-1 0.0747973 0.925203
-1 0.129007 0.870993
1 0.976862 0.0231376
1 0.829677 0.170323
1 0.997984 0.00201635
-1 0.45138 0.54862
-1 0.0433344 0.956666
1 0.654387 0.345613
-1 0.367333 0.632667
-1 0.000107566 0.999892
1 0.991014 0.00898553
1 0.702512 0.297488
1 0.601884 0.398116
-1 0.00503751 0.994962
-1 0.434472 0.565528
-1 0.238659 0.761341
1 0.969227 0.0307731
-1 0.109359 0.890641
-1 0.0301564 0.969844
1 0.728829 0.271171
-1 0.122739 0.877261
1 0.599404 0.400596
1 0.772921 0.227079
1 0.684325 0.315675
-1 0.104729 0.895271
-1 0.212683 0.787317
1 0.669476 0.330524
1 0.982979 0.0170209
1 0.849577 0.150423
1 0.818309 0.181691
1 0.575665 0.424335
-1 0.08212 0.91788
-1 0.131026 0.868974
-1 0.407021 0.592979
-1 0.139911 0.860089
-1 0.0686125 0.931387
-1 0.00967991 0.99032
-1 0.232426 0.767574
-1 0.075627 0.924373
1 0.699972 0.300028
-1 0.486836 0.513164
1 0.579198 0.420802
1 0.84986 0.15014
1 0.586548 0.413452
-1 0.209114 0.790886
-1 0.0128801 0.98712
-1 0.0239795 0.97602
-1 0.056292 0.943708
-1 0.0039343 0.996066
-1 0.0812789 0.918721
1 0.858783 0.141217
-1 0.458944 0.541056
-1 0.309203 0.690797
-1 0.0604075 0.939593
-1 0.331131 0.668869
-1 0.0357483 0.964252
1 0.700782 0.299218
1 0.985109 0.0148914
1 0.888656 0.111344
-1 0.217274 0.782726
-1 0.186213 0.813787
1 0.897992 0.102008
1 0.999682 0.000317828
-1 0.434894 0.565106
-1 0.000677253 0.999323
1 0.883281 0.116719
-1 0.00831147 0.991689
-1 0.00882317 0.991177
1 0.545016 0.454984
-1 0.179459 0.820541
-1 0.00110608 0.998894
-1 0.206379 0.793621
-1 0.0210359 0.978964
-1 0.0586674 0.941333
-1 0.0213184 0.978682
1 0.714366 0.285634
-1 0.244555 0.755445
1 0.79543 0.20457
1 0.976794 0.0232064
1 0.919509 0.0804912
-1 0.015353 0.984647
-1 0.0468181 0.953182
-1 0.231699 0.768301
-1 0.0276799 0.97232
-1 0.0608454 0.939155
1 0.722157 0.277843
1 0.576942 0.423058
-1 0.0333404 0.96666
-1 0.0511353 0.948865
1 0.995963 0.00403729
-1 0.0829676 0.917032
1 0.622359 0.377641
-1 0.0229172 0.977083
-1 0.0345854 0.965415
1 0.661497 0.338503
-1 0.0186011 0.981399
-1 0.199533 0.800467
-1 0.0906732 0.909327
-1 0.0165167 0.983483
-1 0.00909536 0.990905
1 0.96255 0.0374501
1 0.622101 0.377899
1 0.994262 0.00573768
-1 0.0242609 0.975739
1 0.526673 0.473327
1 0.719164 0.280836
-1 0.386524 0.613476
-1 3.48925e-05 0.999965
1 0.905149 0.0948511
1 0.580034 0.419966
1 0.865262 0.134738
1 0.942355 0.0576449
1 0.998106 0.00189407
-1 0.29283 0.70717
1 0.92218 0.0778204
-1 0.0220252 0.977975
1 0.953193 0.0468067
1 0.833299 0.166701
-1 0.38349 0.61651
-1 0.360672 0.639328
1 0.976542 0.0234582
1 0.659689 0.340311
1 0.961526 0.0384741
1 0.980486 0.019514
-1 0.106276 0.893724
1 0.885908 0.114092
-1 0.0961321 0.903868
-1 0.152417 0.847583
1 0.99166 0.00834011
-1 0.23096 0.76904
1 0.907031 0.0929688
1 0.599371 0.400629
1 0.69605 0.30395
1 0.640694 0.359306
-1 0.253378 0.746622
-1 0.0995754 0.900425
-1 0.0346904 0.96531
1 0.603502 0.396498
-1 0.267102 0.732898
1 0.87793 0.12207
1 0.840847 0.159153
-1 0.141761 0.858239
1 0.871243 0.128757
1 0.751792 0.248208
-1 0.116338 0.883662
-1 0.00346317 0.996537
-1 0.0391675 0.960833
-1 0.410824 0.589176
-1 0.0779561 0.922044
1 0.741777 0.258223
1 0.749565 0.250435
1 0.770031 0.229969
-1 0.00769711 0.992303
1 0.766246 0.233754
-1 0.39782 0.60218
-1 0.261935 0.738065
-1 0.106561 0.893439
-1 0.0136191 0.986381
1 0.968694 0.0313056
-1 0.417157 0.582843
1 0.978665 0.0213351
-1 0.342772 0.657228
-1 0.0684056 0.931594
1 0.731406 0.268594
-1 0.0291409 0.970859
-1 0.108452 0.891548
1 0.949991 0.0500091
-1 0.00932022 0.99068
-1 0.369521 0.630479
1 0.734572 0.265428
-1 0.134666 0.865334
-1 0.133648 0.866352
-1 0.189867 0.810133
-1 0.07229 0.92771
-1 0.0503434 0.949657
1 0.995761 0.00423928
-1 0.276273 0.723727
-1 0.0538907 0.946109
-1 0.307679 0.692321
-1 0.0851439 0.914856
-1 0.255063 0.744937
-1 0.0370011 0.962999
-1 0.0688956 0.931104
1 0.7048 0.2952
1 0.80328 0.19672
-1 0.189107 0.810893
1 0.643333 0.356667
-1 0.454839 0.545161
1 0.756214 0.243786
-1 0.0578414 0.942159
1 0.941268 0.058732
1 0.54053 0.45947
1 0.718229 0.281771
1 0.982806 0.0171944
-1 0.00593775 0.994062
1 0.81445 0.18555
1 0.977948 0.0220521
-1 0.494889 0.505111
1 0.686778 0.313222
1 0.992618 0.00738152
1 0.610945 0.389055
1 0.934114 0.0658865
1 0.973795 0.0262049
1 0.69053 0.30947
-1 0.0302725 0.969728
-1 0.21182 0.78818
-1 0.0962883 0.903712
-1 0.172875 0.827125
1 0.825547 0.174453
-1 0.00280609 0.997194
-1 0.00750236 0.992498
-1 0.0770064 0.922994
1 0.955248 0.0447516
1 0.990301 0.00969878
1 0.7468 0.2532
-1 0.110303 0.889697
-1 0.0485889 0.951411
-1 0.11181 0.88819
1 0.945492 0.054508
-1 0.0151763 0.984824
-1 0.385945 0.614055
1 0.90221 0.09779
-1 0.033995 0.966005
-1 0.0395039 0.960496
1 0.534351 0.465649
1 0.933636 0.0663642
1 0.879122 0.120878
-1 0.0609959 0.939004
1 0.784743 0.215257
-1 0.125187 0.874813
1 0.540354 0.459646
-1 0.152303 0.847697
-1 0.361011 0.638989
1 0.99432 0.00568037
-1 0.281363 0.718637
-1 0.235109 0.764891
-1 0.417841 0.582159
-1 0.00582618 0.994174
-1 0.169996 0.830004
1 0.854767 0.145233
1 0.816813 0.183187
-1 0.0664874 0.933513
-1 0.218512 0.781488
-1 0.0115863 0.988414
1 0.969256 0.0307438
1 0.913234 0.0867664
1 0.751518 0.248482
1 0.978911 0.0210893
1 0.888411 0.111589
-1 0.0226332 0.977367
1 0.738174 0.261826
-1 0.00806044 0.99194
-1 0.0825132 0.917487
-1 0.168628 0.831372
-1 0.00385656 0.996143
1 0.961208 0.038792
1 0.997723 0.0022774
1 0.843258 0.156742
-1 0.10334 0.89666
-1 0.231198 0.768802
1 0.688729 0.311271
-1 0.280797 0.719203
1 0.934496 0.0655039
1 0.876672 0.123328
-1 0.23412 0.76588
-1 0.0803855 0.919614
-1 0.0520192 0.947981
1 0.57578 0.42422
1 0.954203 0.0457968
1 0.995686 0.00431432
1 0.995633 0.00436675
1 0.90397 0.0960297
-1 0.127435 0.872565
1 0.936908 0.0630923
1 0.735826 0.264174
1 0.938936 0.0610638
-1 0.0179679 0.982032
1 0.969366 0.0306337
1 0.675801 0.324199
1 0.997377 0.00262296
1 0.986561 0.0134388
-1 0.0122291 0.987771
1 0.635394 0.364606
1 0.720594 0.279406
1 0.921875 0.0781252
-1 0.237534 0.762466
1 0.832839 0.167161
-1 0.000982599 0.999017
1 0.755436 0.244564
1 0.687933 0.312067
-1 0.248878 0.751122
1 0.915524 0.084476
-1 0.141351 0.858649
1 0.974322 0.0256781
1 0.97854 0.0214598
-1 0.326619 0.673381
1 0.916198 0.0838024
1 0.979244 0.0207561
-1 0.0040803 0.99592
1 0.875847 0.124153
-1 0.0381149 0.961885
-1 0.00498269 0.995017
-1 0.0123026 0.987697
1 0.911569 0.0884308
-1 0.0552982 0.944702
1 0.941677 0.0583232
-1 0.0863674 0.913633
1 0.78979 0.21021
-1 0.123792 0.876208
1 0.923957 0.0760433
-1 0.0114356 0.988564
-1 0.211523 0.788477
-1 0.121953 0.878047
-1 0.0021258 0.997874
1 0.882949 0.117051
1 0.932186 0.067814
1 0.833263 0.166737
-1 0.228688 0.771312
1 0.996486 0.00351443
1 0.982107 0.0178933
1 0.530941 0.469059
-1 0.0218082 0.978192
-1 0.0505996 0.9494
1 0.760114 0.239886
-1 0.137428 0.862572
-1 0.175262 0.824738
-1 0.219006 0.780994
1 0.573973 0.426027
-1 0.474813 0.525187
1 0.661105 0.338895
-1 0.318724 0.681276
-1 0.463368 0.536632
1 0.683062 0.316938
-1 0.282598 0.717402
1 0.889324 0.110676
-1 0.189286 0.810714
1 0.678678 0.321322
1 0.864977 0.135023
-1 0.00192385 0.998076
1 0.9982 0.00180025
1 0.652809 0.347191
1 0.960706 0.039294
-1 0.00832261 0.991677
1 0.9969 0.00309951
1 0.97759 0.0224101
1 0.942391 0.0576091
-1 0.0308448 0.969155
-1 0.145965 0.854035
1 0.559069 0.440931
-1 0.0261099 0.97389
-1 0.00342879 0.996571
1 0.637616 0.362384
-1 0.0108224 0.989178
1 0.976709 0.0232908
1 0.834865 0.165135
1 0.55293 0.44707
1 0.844354 0.155646
1 0.961031 0.0389689
-1 0.208861 0.791139
1 0.527844 0.472156
1 0.976511 0.0234885
1 0.892595 0.107405
1 0.695282 0.304718
1 0.901208 0.0987923
-1 0.133602 0.866398
1 0.972382 0.0276176
-1 0.0191399 0.98086
-1 0.176819 0.823181
1 0.801098 0.198902
-1 0.366293 0.633707
1 0.99623 0.00377017
-1 0.240743 0.759257
1 0.968172 0.0318276
-1 0.0361738 0.963826
1 0.503546 0.496454
1 0.522444 0.477556
-1 0.465332 0.534668
1 0.951294 0.0487057
1 0.920787 0.0792125
-1 0.015226 0.984774
1 0.973563 0.0264366
-1 0.0320872 0.967913
1 0.723631 0.276369
-1 0.316703 0.683297
-1 0.456829 0.543171
-1 0.112019 0.887981
-1 0.471976 0.528024
-1 0.288743 0.711257
1 0.647392 0.352608
-1 0.0241715 0.975829
1 0.983505 0.0164946
1 0.683922 0.316078
-1 0.0729643 0.927036
-1 0.431861 0.568139
-1 0.00593662 0.994063
1 0.959551 0.0404487
-1 0.00125737 0.998743
1 0.815417 0.184583
1 0.992094 0.00790599
1 0.771407 0.228593
1 0.935516 0.0644843
1 0.79628 0.20372
1 0.536106 0.463894
1 0.835827 0.164173
-1 0.102678 0.897322
1 0.860153 0.139847
1 0.684779 0.315221
1 0.871832 0.128168
1 0.839907 0.160093
-1 0.346096 0.653904
-1 0.232666 0.767334
-1 0.0574608 0.942539
-1 0.462352 0.537648
1 0.570295 0.429705
1 0.543963 0.456037
1 0.674857 0.325143
-1 0.0530299 0.94697
-1 0.187103 0.812897
-1 0.00954955 0.99045
-1 0.442819 0.557181
1 0.870233 0.129767
-1 0.0211718 0.978828
1 0.909312 0.0906878
1 0.822662 0.177338
1 0.987492 0.0125082
1 0.524019 0.475981
1 0.926587 0.0734135
1 0.99414 0.00586015
-1 0.201995 0.798005
1 0.992065 0.00793503
-1 0.0324846 0.967515
-1 0.0557992 0.944201
-1 0.0766525 0.923348
-1 0.0665562 0.933444
-1 0.322885 0.677115
-1 0.00294028 0.99706
-1 0.0218908 0.978109
-1 0.0278146 0.972185
1 0.904642 0.0953584
1 0.829139 0.170861
-1 0.04938 0.95062
1 0.983662 0.0163384
-1 0.00432921 0.995671
1 0.609056 0.390944
-1 0.0997112 0.900289
-1 0.116284 0.883716
1 0.986315 0.0136845
-1 0.220336 0.779664
1 0.855633 0.144367
1 0.922911 0.0770894
1 0.943764 0.056236
-1 0.326958 0.673042
-1 0.0344245 0.965575
-1 0.0648018 0.935198
-1 0.0100982 0.989902
1 0.742283 0.257717
1 0.959953 0.0400469
-1 0.0151409 0.984859
-1 0.0472028 0.952797
1 0.942278 0.0577223
1 0.888085 0.111915
1 0.959886 0.0401136
-1 0.0153633 0.984637
-1 0.438064 0.561936
1 0.804859 0.195141
1 0.615178 0.384822
1 0.954481 0.0455192
-1 0.271744 0.728256
-1 0.128201 0.871799
-1 0.000657558 0.999342
1 0.976198 0.0238019
1 0.839561 0.160439
1 0.92185 0.0781505
1 0.788049 0.211951
-1 0.0671544 0.932846
1 0.963741 0.036259
1 0.949529 0.0504708
-1 0.104746 0.895254
-1 0.144499 0.855501
1 0.880847 0.119153
1 0.866637 0.133363
1 0.867744 0.132256
1 0.988178 0.0118222
-1 0.0839749 0.916025
1 0.88057 0.11943
-1 0.126091 0.873909
1 0.901806 0.0981944
1 0.982435 0.017565
-1 0.341808 0.658192
-1 0.364617 0.635383
-1 0.00380666 0.996193
-1 0.14412 0.85588
1 0.656775 0.343225
1 0.863881 0.136119
1 0.915518 0.0844817
1 0.998617 0.00138275
-1 0.0171732 0.982827
1 0.952786 0.0472145
-1 0.0134694 0.986531
1 0.999287 0.000712796
-1 0.411936 0.588064
-1 0.0145513 0.985449
-1 0.323861 0.676139
-1 0.302474 0.697526
-1 0.338664 0.661336
-1 0.117014 0.882986
1 0.685114 0.314886
1 0.99795 0.0020496
-1 0.23991 0.76009
1 0.886391 0.113609
-1 0.228764 0.771236
1 0.581995 0.418005
1 0.761083 0.238917
1 0.853548 0.146452
-1 0.0363613 0.963639
-1 0.468988 0.531012
-1 0.0958998 0.9041
-1 0.00733506 0.992665
1 0.917719 0.0822809
-1 0.0678308 0.932169
-1 0.0130424 0.986958
-1 0.238945 0.761055
-1 0.00022181 0.999778
1 0.633392 0.366608
-1 0.00795671 0.992043
-1 0.0051128 0.994887
-1 0.0908865 0.909113
-1 0.486417 0.513583
-1 0.114165 0.885835
1 0.640639 0.359361
-1 0.216264 0.783736
1 0.583205 0.416795
1 0.828648 0.171352
-1 0.0360771 0.963923
-1 0.264992 0.735008
1 0.899417 0.100583
1 0.999078 0.000921962
1 0.994759 0.00524141
1 0.793198 0.206802
-1 0.122721 0.877279
1 0.996264 0.00373572
1 0.883825 0.116175
-1 0.304454 0.695546
-1 0.0957955 0.904205
1 0.94313 0.0568699
1 0.812346 0.187654
-1 0.0546118 0.945388
1 0.767443 0.232557
1 0.800092 0.199908
1 0.585022 0.414978
-1 0.279335 0.720665
1 0.551822 0.448178
-1 0.388336 0.611664
1 0.90226 0.0977396
1 0.907267 0.0927328
-1 0.330456 0.669544
-1 0.000658668 0.999341
1 0.990575 0.00942542
-1 0.480888 0.519112
1 0.829139 0.170861
-1 0.400998 0.599002
1 0.922782 0.077218
-1 0.282527 0.717473
1 0.927181 0.0728185
-1 0.0175769 0.982423
1 0.985459 0.0145413
-1 0.0011957 0.998804
1 0.998535 0.00146457
-1 0.0263924 0.973608
-1 0.410715 0.589285
1 0.835173 0.164827
-1 0.461165 0.538835
1 0.938659 0.0613414
-1 0.0123528 0.987647
-1 0.256188 0.743812
1 0.597398 0.402602
-1 0.00253313 0.997467
-1 0.230417 0.769583
1 0.670564 0.329436
1 0.54545 0.45455
1 0.544501 0.455499
-1 0.158178 0.841822
-1 0.205954 0.794046
1 0.554945 0.445055
1 0.843319 0.156681
1 0.500979 0.499021
-1 0.192068 0.807932
1 0.930852 0.0691476
1 0.635471 0.364529
-1 0.0194234 0.980577
-1 0.0862379 0.913762
1 0.542587 0.457413
-1 0.0166989 0.983301
-1 0.00117663 0.998823
-1 0.0468301 0.95317
-1 0.218646 0.781354
-1 0.0760305 0.923969
1 0.629318 0.370682
-1 0.0423379 0.957662
1 0.962841 0.0371587
-1 0.028152 0.971848
1 0.687592 0.312408
-1 0.0339724 0.966028
1 0.754246 0.245754
1 0.598426 0.401574
1 0.523684 0.476316
-1 0.00601685 0.993983
-1 0.00963573 0.990364
1 0.663564 0.336436
-1 0.000290498 0.99971
-1 0.0566042 0.943396
-1 0.0244627 0.975537
1 0.561303 0.438697
-1 0.265672 0.734328
1 0.865256 0.134744
1 0.866541 0.133459
-1 0.372628 0.627372
-1 0.36295 0.63705
-1 0.137119 0.862881
-1 0.177123 0.822877
1 0.572565 0.427435
1 0.566294 0.433706
1 0.6097 0.3903
1 0.931077 0.0689229
1 0.998071 0.00192949
1 0.822591 0.177409
1 0.760107 0.239893
1 0.862104 0.137896
1 0.991408 0.00859242
-1 0.402709 0.597291
-1 0.0530029 0.946997
-1 0.0499505 0.95005
-1 0.184355 0.815645
-1 0.0028449 0.997155
-1 0.00458634 0.995414
1 0.990099 0.00990095
1 0.889129 0.110871
-1 0.000953166 0.999047
-1 0.0815718 0.918428
-1 0.474118 0.525882
1 0.84968 0.15032
1 0.628128 0.371872
1 0.509941 0.490059
-1 0.00210298 0.997897
-1 0.182571 0.817429
1 0.839963 0.160037
-1 0.0777024 0.922298
-1 0.000232536 0.999767
1 0.942011 0.0579885
1 0.871297 0.128703
-1 0.431039 0.568961
-1 0.453033 0.546967
1 0.679487 0.320513
-1 0.272431 0.727569
-1 0.33491 0.66509
1 0.677022 0.322978
-1 0.336327 0.663673
-1 0.483867 0.516133
-1 0.314253 0.685747
-1 0.00727973 0.99272
1 0.985057 0.0149431
-1 0.300134 0.699866
1 0.509174 0.490826
-1 0.00065758 0.999342
1 0.884871 0.115129
1 0.976647 0.0233534
-1 0.0133426 0.986657
1 0.521642 0.478358
1 0.931568 0.0684324
-1 0.0247753 0.975225
1 0.696802 0.303198
1 0.891566 0.108434
-1 0.337282 0.662718
1 0.977024 0.0229756
-1 0.0355874 0.964413
-1 0.26935 0.73065
1 0.772969 0.227031
-1 0.116916 0.883084
1 0.709328 0.290672
-1 0.0224014 0.977599
-1 0.00493013 0.99507
1 0.516202 0.483798
1 0.861689 0.138311
1 0.989434 0.0105662
-1 0.00900425 0.990996
1 0.999747 0.000252554
1 0.955433 0.0445672
1 0.980674 0.0193265
-1 0.0740659 0.925934
-1 0.318902 0.681098
1 0.73433 0.26567
1 0.908866 0.0911341
1 0.573231 0.426769
-1 0.212619 0.787381
-1 0.139689 0.860311
1 0.847466 0.152534
-1 0.430842 0.569158
1 0.984269 0.0157306
-1 0.386239 0.613761
-1 0.0536599 0.94634
1 0.99617 0.00382989
-1 0.332167 0.667833
1 0.842533 0.157467
-1 0.0283259 0.971674
1 0.555632 0.444368
1 0.626121 0.373879
-1 0.335341 0.664659
-1 0.025108 0.974892
-1 0.346887 0.653113
-1 0.0050336 0.994966
-1 0.000880853 0.999119
-1 0.00419092 0.995809
-1 0.0013314 0.998669
-1 0.396064 0.603936
-1 0.0606826 0.939317
1 0.918306 0.0816941
1 0.680082 0.319918
-1 0.285025 0.714975
-1 0.0306884 0.969312
1 0.979231 0.020769
1 0.717581 0.282419
1 0.728624 0.271376
-1 0.348234 0.651766
1 0.929049 0.0709513
1 0.685142 0.314858
1 0.811667 0.188333
1 0.891685 0.108315
-1 0.416393 0.583607
-1 0.47149 0.52851
-1 0.186492 0.813508
-1 0.427834 0.572166
-1 0.000840798 0.999159
-1 0.0430351 0.956965
-1 0.00671745 0.993283
1 0.987404 0.0125957
-1 0.451975 0.548025
1 0.99903 0.000970043
-1 0.141779 0.858221
1 0.781294 0.218706
1 0.991879 0.008121
-1 0.0885187 0.911481
-1 0.00661075 0.993389
1 0.752813 0.247187
1 0.942885 0.0571148
-1 0.344482 0.655518
1 0.576327 0.423673
1 0.696764 0.303236
1 0.924839 0.075161
1 0.545099 0.454901
-1 0.171231 0.828769
1 0.517796 0.482204
-1 0.0312118 0.968788
1 0.786901 0.213099
-1 0.368418 0.631582
1 0.53345 0.46655
-1 0.116246 0.883754
1 0.778946 0.221054
-1 0.412682 0.587318
-1 0.037001 0.962999
1 0.775553 0.224447
-1 0.000606389 0.999394
-1 0.208175 0.791825
1 0.978903 0.0210969
-1 0.407234 0.592766
-1 0.183459 0.816541
1 0.966 0.0339997
1 0.722107 0.277893
-1 0.401854 0.598146
-1 0.0082243 0.991776
1 0.994074 0.00592579
1 0.946659 0.0533405
1 0.997988 0.00201228
1 0.651862 0.348138
1 0.687958 0.312042
-1 0.0196973 0.980303
-1 0.00605837 0.993942
1 0.966877 0.0331229
-1 0.227253 0.772747
1 0.987688 0.0123122
-1 0.402206 0.597794
-1 0.0189379 0.981062
-1 0.106151 0.893849
-1 0.0870982 0.912902
-1 0.149686 0.850314
-1 0.426857 0.573143
-1 0.174609 0.825391
-1 0.216104 0.783896
-1 0.244412 0.755588
1 0.629686 0.370314
-1 0.00357418 0.996426
-1 0.234747 0.765253
1 0.87272 0.12728
-1 0.0185393 0.981461
1 0.540355 0.459645
1 0.50556 0.49444
-1 0.181908 0.818092
1 0.982579 0.0174206
-1 0.205534 0.794466
-1 0.0439995 0.956001
1 0.651983 0.348017
-1 0.116664 0.883336
-1 0.188399 0.811601
1 0.634532 0.365468
-1 0.100239 0.899761
1 0.955844 0.0441565
1 0.993231 0.00676852
-1 0.272945 0.727055
1 0.888199 0.111801
1 0.820609 0.179391
1 0.88203 0.11797
-1 0.00372833 0.996272
-1 0.034187 0.965813
-1 0.263817 0.736183
-1 0.435154 0.564846
-1 0.111354 0.888646
-1 0.0326609 0.967339
-1 0.260849 0.739151
1 0.706899 0.293101
-1 0.106834 0.893166
1 0.968813 0.031187
-1 0.197602 0.802398
-1 0.0498541 0.950146
1 0.994536 0.00546428
-1 0.150807 0.849193
-1 0.480589 0.519411
-1 0.123109 0.876891
-1 0.481804 0.518196
1 0.991727 0.00827316
1 0.845175 0.154825
-1 0.190862 0.809138
1 0.502662 0.497338
-1 0.00628428 0.993716
-1 0.458944 0.541056
-1 0.459279 0.540721
1 0.930657 0.0693429
1 0.917599 0.0824008
1 0.830233 0.169767
-1 0.0206887 0.979311
1 0.74094 0.25906
-1 0.0914894 0.908511
1 0.828207 0.171793
1 0.987167 0.0128329
-1 0.400279 0.599721
-1 0.00133898 0.998661
-1 0.0711312 0.928869
1 0.863247 0.136753
1 0.510267 0.489733
1 0.514394 0.485606
1 0.525492 0.474508
-1 0.10527 0.89473
1 0.64054 0.35946
-1 0.262615 0.737385
1 0.974083 0.0259174
1 0.977273 0.0227269
1 0.905636 0.0943635
1 0.974254 0.0257463
-1 0.412552 0.587448
-1 0.026522 0.973478
-1 0.371963 0.628037
-1 0.42781 0.57219
1 0.859931 0.140069
1 0.991101 0.00889912
-1 0.0532077 0.946792
1 0.986925 0.0130752
1 0.691432 0.308568
-1 0.269174 0.730826
1 0.755524 0.244476
-1 0.00500752 0.994992
-1 0.00669046 0.99331
-1 0.424094 0.575906
-1 0.12712 0.87288
-1 0.0203367 0.979663
-1 0.0429965 0.957004
-1 0.128943 0.871057
1 0.948309 0.0516911
-1 0.458473 0.541527
-1 0.382105 0.617895
-1 0.143341 0.856659
-1 0.198858 0.801142
-1 0.138744 0.861256
-1 0.44168 0.55832
-1 0.0930086 0.906991
-1 0.0489394 0.951061
-1 0.0293999 0.9706
1 0.774638 0.225362
-1 0.143092 0.856908
-1 0.243676 0.756324
-1 0.224072 0.775928
-1 0.188675 0.811325
1 0.912815 0.0871848
1 0.99194 0.00806046
-1 0.0514736 0.948526
1 0.998596 0.00140381
1 0.794543 0.205457
1 0.891856 0.108144
1 0.985513 0.0144874
1 0.554891 0.445109
1 0.990433 0.00956686
-1 0.0249586 0.975041
1 0.64557 0.35443
1 0.909994 0.0900056
-1 0.0029402 0.99706
-1 0.27028 0.72972
1 0.929841 0.0701588
-1 0.0455419 0.954458
-1 0.445521 0.554479
1 0.934487 0.0655134
1 0.59171 0.40829
1 0.703264 0.296736
-1 0.0854821 0.914518
-1 0.332507 0.667493
-1 0.000807763 0.999192
-1 0.198952 0.801048
-1 0.0409346 0.959065
1 0.958395 0.0416045
-1 0.143342 0.856658
1 0.989077 0.0109234
1 0.984586 0.015414
1 0.994058 0.00594151
-1 0.00890731 0.991093
1 0.869097 0.130903
1 0.785113 0.214887
-1 0.486147 0.513853
-1 0.0122836 0.987716
-1 0.0228806 0.977119
1 0.871037 0.128963
1 0.783031 0.216969
-1 0.184158 0.815842
-1 0.23397 0.76603
1 0.919709 0.0802905
1 0.866542 0.133458
-1 0.224102 0.775898
-1 0.22853 0.77147
1 0.71903 0.28097
-1 0.412332 0.587668
-1 0.0219122 0.978088
-1 0.00809779 0.991902
-1 0.423711 0.576289
-1 0.223353 0.776647
1 0.878841 0.121159
1 0.576534 0.423466
-1 0.0113785 0.988621
-1 0.326524 0.673476
-1 0.129813 0.870187
-1 0.03581 0.96419
1 0.737541 0.262459
1 0.816975 0.183025
-1 0.466926 0.533074
-1 0.0107822 0.989218
1 0.728938 0.271062
1 0.92094 0.0790603
1 0.641462 0.358538
-1 0.00445755 0.995542
1 0.766826 0.233174
1 0.826772 0.173228
-1 0.202302 0.797698
1 0.975761 0.0242389
1 0.90253 0.0974699
-1 0.435154 0.564846
1 0.669173 0.330827
1 0.972644 0.0273559
-1 0.0815194 0.918481
1 0.989352 0.0106483
-1 0.406094 0.593906
-1 0.313854 0.686146
-1 0.490768 0.509232
1 0.982291 0.0177087
1 0.797753 0.202247
1 0.971886 0.0281141
1 0.842433 0.157567
1 0.801683 0.198317
1 0.618935 0.381065
-1 0.0429425 0.957057
1 0.893926 0.106074
1 0.723362 0.276638
1 0.992554 0.00744573
1 0.843322 0.156678
1 0.925576 0.0744238
-1 0.28872 0.71128
-1 0.00605408 0.993946
-1 0.0215947 0.978405
-1 0.000888457 0.999112
1 0.710618 0.289382
1 0.930968 0.0690317
1 0.784785 0.215215
1 0.981545 0.0184553
-1 0.491817 0.508183
-1 0.00560951 0.99439
1 0.841338 0.158662
1 0.797772 0.202228
1 0.607552 0.392448
1 0.970702 0.0292975
-1 0.0246075 0.975393
-1 0.0457739 0.954226
1 0.921733 0.078267
-1 0.373326 0.626674
-1 0.0159079 0.984092
-1 0.014121 0.985879
1 0.622384 0.377616
-1 0.205346 0.794654
-1 0.302047 0.697953
1 0.526253 0.473747
1 0.769161 0.230839
1 0.750072 0.249928
1 0.720923 0.279077
1 0.744188 0.255812
1 0.956894 0.0431058
-1 0.0354326 0.964567
-1 0.309652 0.690348
1 0.720415 0.279585
-1 0.145817 0.854183
-1 0.140788 0.859212
1 0.698546 0.301454
1 0.978459 0.0215413
-1 0.000198347 0.999802
1 0.975301 0.0246988
1 0.928219 0.0717809
1 0.687696 0.312304
-1 0.0209202 0.97908
-1 0.239426 0.760574
-1 0.1301 0.8699
-1 0.0133418 0.986658
1 0.856286 0.143714
-1 0.253641 0.746359
1 0.745956 0.254044
-1 0.0390481 0.960952
-1 0.0279309 0.972069
-1 0.0197756 0.980224
1 0.994383 0.00561651
-1 0.0634689 0.936531
-1 0.135176 0.864824
1 0.755342 0.244658
-1 0.0784985 0.921501
-1 0.418599 0.581401
-1 0.419405 0.580595
-1 0.149132 0.850868
-1 0.462232 0.537768
-1 0.130884 0.869116
1 0.565113 0.434887
-1 0.0293363 0.970664
-1 0.0233186 0.976681
-1 0.0153623 0.984638
1 0.504829 0.495171
1 0.880473 0.119527
-1 0.0146967 0.985303
1 0.996087 0.00391338
1 0.631549 0.368451
1 0.617159 0.382841
-1 0.0177164 0.982284
-1 0.0407254 0.959275
1 0.885391 0.114609
1 0.569477 0.430523
1 0.923717 0.0762831
1 0.965027 0.0349734
-1 0.00224331 0.997757
1 0.840983 0.159017
1 0.887769 0.112231
-1 0.00702276 0.992977
1 0.947222 0.0527783
-1 0.177698 0.822302
-1 0.250441 0.749559
-1 0.00870215 0.991298
-1 0.025502 0.974498
-1 0.00338727 0.996613
1 0.537009 0.462991
-1 0.018729 0.981271
1 0.960463 0.0395375
-1 0.400568 0.599432
-1 0.396378 0.603622
1 0.951842 0.0481585
-1 0.0115447 0.988455
1 0.985518 0.014482
1 0.99003 0.00996997
-1 0.00019775 0.999802
1 0.585676 0.414324
-1 0.181673 0.818327
-1 0.0957588 0.904241
1 0.637439 0.362561
1 0.805087 0.194913
-1 0.0146907 0.985309
1 0.987677 0.0123232
-1 0.129453 0.870547
1 0.928482 0.071518
1 0.845582 0.154418
1 0.956954 0.0430455
-1 0.278196 0.721804
1 0.86561 0.13439
-1 0.144521 0.855479
-1 0.0184094 0.981591
1 0.949888 0.0501124
-1 0.0110038 0.988996
1 0.75735 0.24265
-1 0.00231478 0.997685
-1 0.0101472 0.989853
1 0.819487 0.180513
1 0.829048 0.170952
-1 0.0245231 0.975477
1 0.926587 0.073413
1 0.715796 0.284204
-1 0.0471498 0.95285
-1 0.127702 0.872298
-1 0.0313652 0.968635
-1 0.335379 0.664621
1 0.974058 0.0259425
1 0.975788 0.0242118
1 0.677848 0.322152
1 0.960399 0.0396012
-1 0.0405575 0.959442
-1 0.0430976 0.956902
-1 0.105217 0.894783
1 0.99298 0.00702049
1 0.857088 0.142912
1 0.770471 0.229529
-1 0.0029567 0.997043
-1 0.00650839 0.993492
1 0.615906 0.384094
-1 0.421275 0.578725
1 0.814217 0.185783
1 0.70001 0.29999
1 0.782554 0.217446
1 0.99598 0.00402005
-1 0.0736488 0.926351
1 0.978916 0.0210838
-1 0.0114293 0.988571
1 0.930236 0.0697638
-1 0.107852 0.892148
1 0.984905 0.0150954
1 0.585741 0.414259
1 0.865173 0.134827
-1 0.0554521 0.944548
1 0.939231 0.0607691
-1 0.301361 0.698639
1 0.774088 0.225912
1 0.986577 0.0134228
1 0.959116 0.040884
-1 0.0225383 0.977462
1 0.803546 0.196454
1 0.733213 0.266787
1 0.588944 0.411056
1 0.864602 0.135398
1 0.974567 0.0254326
1 0.994363 0.00563741
1 0.72619 0.27381
-1 0.0215354 0.978465
-1 0.113316 0.886684
-1 0.00610855 0.993891
1 0.874475 0.125525
-1 0.350129 0.649871
-1 0.143729 0.856271
-1 0.22905 0.77095
-1 0.488739 0.511261
1 0.967936 0.0320643
1 0.626911 0.373089
-1 0.00825858 0.991741
1 0.682158 0.317842
1 0.868934 0.131066
1 0.970921 0.029079
-1 0.0968695 0.903131
1 0.573637 0.426363
-1 0.0851485 0.914852
-1 0.388508 0.611492
1 0.957881 0.0421186
1 0.976896 0.0231041
-1 0.35717 0.64283
1 0.998271 0.0017287
-1 0.376053 0.623947
-1 0.452988 0.547012
-1 0.292692 0.707308
1 0.828057 0.171943
-1 0.0462463 0.953754
-1 0.00370769 0.996292
1 0.997015 0.00298524
-1 0.023063 0.976937
1 0.791728 0.208272
1 0.915626 0.084374
1 0.99787 0.00212958
1 0.819454 0.180546
-1 0.130815 0.869185
1 0.746831 0.253169
-1 0.075073 0.924927
1 0.987426 0.0125745
-1 0.410401 0.589599
-1 0.436464 0.563536
-1 0.28058 0.71942
1 0.934773 0.0652272
-1 0.0125389 0.987461
1 0.939241 0.0607594
-1 0.0734367 0.926563
1 0.905053 0.0949474
1 0.979687 0.020313
-1 0.385045 0.614955
1 0.882939 0.117061
-1 0.0399898 0.96001
1 0.724318 0.275682
1 0.996918 0.00308152
-1 0.0655621 0.934438
1 0.637471 0.362529
-1 0.0341275 0.965872
1 0.506309 0.493691
-1 0.498247 0.501753
-1 0.0204186 0.979581
-1 0.074748 0.925252
-1 0.0189524 0.981048
1 0.976845 0.023155
1 0.850018 0.149982
-1 0.305321 0.694679
1 0.730371 0.269629
1 0.999305 0.000694888
-1 0.0787612 0.921239
-1 0.164648 0.835352
1 0.877958 0.122042
-1 0.174827 0.825173
1 0.700081 0.299919
1 0.808764 0.191236
1 0.602843 0.397157
-1 0.222708 0.777292
1 0.962173 0.0378274
-1 0.0699255 0.930075
-1 0.439583 0.560417
-1 0.0529186 0.947081
1 0.976293 0.0237074
-1 0.0238127 0.976187
1 0.976918 0.0230822
-1 0.180423 0.819577
-1 0.361534 0.638466
-1 0.0352806 0.964719
1 0.996693 0.00330696
-1 0.379533 0.620467
1 0.876211 0.123789
-1 0.482234 0.517766
1 0.569738 0.430262
-1 4.60392e-05 0.999954
1 0.693176 0.306824
1 0.999596 0.000403674
-1 0.343783 0.656217
1 0.761859 0.238141
1 0.931377 0.0686227
-1 0.310177 0.689823
-1 0.0761646 0.923835
-1 0.235102 0.764898
1 0.53867 0.46133
1 0.97139 0.0286097
-1 0.129435 0.870565
1 0.653881 0.346119
1 0.987248 0.0127517
-1 0.0366351 0.963365
-1 0.0134385 0.986562
-1 0.017397 0.982603
1 0.983574 0.0164255
-1 0.115176 0.884824
-1 0.0199985 0.980002
-1 0.224767 0.775233
-1 0.0676318 0.932368
1 0.998968 0.00103208
1 0.943297 0.056703
-1 0.249267 0.750733
-1 0.136002 0.863998
-1 0.287222 0.712778
1 0.825737 0.174263
1 0.787929 0.212071
-1 0.0273524 0.972648
-1 0.113393 0.886607
1 0.980681 0.0193187
1 0.996464 0.00353647
1 0.881895 0.118105
1 0.886342 0.113658
1 0.953581 0.0464191
-1 0.0977596 0.90224
-1 0.140593 0.859407
1 0.809303 0.190697
-1 0.321794 0.678206
1 0.986056 0.0139438
-1 0.288044 0.711956
-1 0.00837212 0.991628
-1 0.348082 0.651918
-1 0.0480791 0.951921
-1 0.282699 0.717301
1 0.990252 0.00974824
1 0.983035 0.0169646
-1 0.102919 0.897081
-1 0.454666 0.545334
1 0.713887 0.286113
1 0.99308 0.00691962
1 0.817056 0.182944
1 0.997736 0.00226397
1 0.975309 0.0246908
-1 0.439703 0.560297
1 0.937388 0.0626122
-1 0.00305334 0.996947
-1 0.435416 0.564584
-1 0.435224 0.564776
1 0.982569 0.0174312
1 0.999894 0.000105588
-1 0.0111876 0.988812
-1 0.0767282 0.923272
1 0.930304 0.0696959
1 0.774251 0.225749
1 0.922214 0.0777856
-1 0.190326 0.809674
1 0.976635 0.023365
-1 0.0935701 0.90643
1 0.930187 0.0698128
-1 0.0149936 0.985006
-1 0.00933958 0.99066
-1 0.173749 0.826251
1 0.952851 0.0471488
1 0.957722 0.0422782
1 0.54645 0.45355
-1 0.129455 0.870545
1 0.711461 0.288539
-1 0.0669831 0.933017
-1 0.0678278 0.932172
1 0.684362 0.315638
-1 0.332505 0.667495
1 0.678754 0.321246
1 0.986845 0.0131555
-1 0.0173834 0.982617
-1 0.0174048 0.982595
-1 0.0523013 0.947699
-1 0.259031 0.740969
-1 0.142571 0.857429
1 0.996959 0.00304113
-1 0.147801 0.852199
-1 0.0693555 0.930644
-1 0.292903 0.707097
-1 0.421711 0.578289
-1 0.208965 0.791035
1 0.994144 0.00585648
1 0.767771 0.232229
1 0.974574 0.0254255
-1 0.0141124 0.985888
-1 0.15015 0.84985
1 0.999714 0.000286335
1 0.761156 0.238844
-1 0.00592052 0.994079
-1 0.0924409 0.907559
-1 0.00913831 0.990862
-1 0.14733 0.85267
-1 0.0979626 0.902037
1 0.99948 0.00051997
-1 0.17184 0.82816
-1 0.0775125 0.922488
-1 0.0433982 0.956602
1 0.933854 0.0661455
1 0.715134 0.284866
-1 0.000811324 0.999189
1 0.646174 0.353826
-1 0.427142 0.572858
-1 0.494352 0.505648
1 0.885577 0.114423
1 0.70325 0.29675
-1 0.323928 0.676072
1 0.976276 0.0237239
1 0.997377 0.00262296
1 0.671388 0.328612
-1 0.149774 0.850226
-1 0.00962353 0.990376
1 0.87406 0.12594
-1 0.0610567 0.938943
-1 0.0179039 0.982096
1 0.873319 0.126681
1 0.884845 0.115155
1 0.720765 0.279235
1 0.993801 0.00619891
1 0.840469 0.159531
-1 0.225604 0.774396
-1 0.00868741 0.991313
-1 0.471746 0.528254
-1 0.0193411 0.980659
1 0.774095 0.225905
-1 0.00539835 0.994602
-1 0.407824 0.592176
-1 0.000321652 0.999678
-1 0.254362 0.745638
-1 0.00107734 0.998923
1 0.939492 0.0605076
1 0.913431 0.0865693
-1 0.00279632 0.997204
-1 0.0136998 0.9863
-1 0.357388 0.642612
1 0.799264 0.200736
-1 0.126124 0.873876
1 0.842934 0.157066
1 0.75213 0.24787
1 0.674585 0.325415
-1 0.0769519 0.923048
1 0.998729 0.00127117
-1 0.410445 0.589555
-1 0.456912 0.543088
-1 0.0875221 0.912478
-1 0.239874 0.760126
-1 0.158051 0.841949
-1 0.233459 0.766541
1 0.923395 0.0766048
-1 0.351114 0.648886
1 0.969092 0.0309084
-1 0.0612029 0.938797
1 0.905143 0.0948571
1 0.861917 0.138083
1 0.925272 0.0747281
-1 0.227586 0.772414
1 0.969439 0.0305611
-1 0.135897 0.864103
1 0.582971 0.417029
-1 0.257829 0.742171
-1 0.0139278 0.986072
-1 0.0737804 0.92622
-1 0.0179856 0.982014
1 0.865575 0.134425
1 0.595708 0.404292
1 0.947666 0.0523337
1 0.936496 0.0635045
-1 0.0609817 0.939018
1 0.852647 0.147353
1 0.537818 0.462182
1 0.646559 0.353441
1 0.893228 0.106772
-1 0.000251133 0.999749
1 0.783797 0.216203
1 0.886556 0.113444
-1 0.185183 0.814817
1 0.819553 0.180447
-1 0.353814 0.646186
1 0.864746 0.135254
-1 0.098591 0.901409
1 0.976434 0.0235662
-1 0.408698 0.591302
1 0.634478 0.365522
1 0.702669 0.297331
-1 0.057527 0.942473
-1 0.0536586 0.946341
-1 0.164266 0.835734
1 0.953809 0.0461913
-1 0.0403366 0.959663
-1 0.305929 0.694071
-1 0.111368 0.888632
-1 0.0267154 0.973285
1 0.618303 0.381697
1 0.951014 0.048986
-1 0.000462396 0.999538
-1 0.0312511 0.968749
1 0.518692 0.481308
1 0.678044 0.321956
-1 0.151277 0.848723
-1 0.13525 0.86475
1 0.64451 0.35549
1 0.666006 0.333994
-1 0.00191899 0.998081
-1 0.206396 0.793604
1 0.654276 0.345724
1 0.989812 0.0101881
1 0.718342 0.281658
1 0.845695 0.154305
1 0.970524 0.0294756
1 0.969736 0.0302641
1 0.992982 0.00701811
-1 0.12594 0.87406
-1 0.0347586 0.965241
1 0.54157 0.45843
-1 0.00537114 0.994629
-1 0.488872 0.511128
1 0.900905 0.0990951
-1 0.0194885 0.980511
-1 0.00366008 0.99634
-1 0.476696 0.523304
1 0.9714 0.0285998
1 0.902968 0.0970321
-1 0.0035995 0.996401
-1 0.0313 0.9687
1 0.977801 0.0221992
1 0.921722 0.0782784
-1 0.0385901 0.96141
1 0.507161 0.492839
-1 0.0164426 0.983557
-1 0.154829 0.845171
-1 0.0369049 0.963095
1 0.654685 0.345315
-1 0.154721 0.845279
-1 0.300301 0.699699
1 0.785431 0.214569
1 0.921859 0.0781415
1 0.994083 0.00591738
-1 0.0938246 0.906175
1 0.580241 0.419759
-1 0.461696 0.538304
1 0.773883 0.226117
1 0.844935 0.155065
-1 0.133503 0.866497
1 0.609849 0.390151
-1 0.484178 0.515822
1 0.978438 0.021562
-1 0.00523514 0.994765
-1 0.0160057 0.983994
-1 0.0168569 0.983143
-1 0.0237149 0.976285
1 0.998929 0.00107072
1 0.788668 0.211332
-1 0.35866 0.64134
1 0.994882 0.00511756
-1 0.302759 0.697241
-1 0.199206 0.800794
1 0.896917 0.103083
1 0.569401 0.430599
-1 0.0221073 0.977893
1 0.989856 0.0101439
-1 0.00175546 0.998245
-1 0.049791 0.950209
1 0.779804 0.220196
1 0.904833 0.0951671
-1 0.0398267 0.960173
1 0.586608 0.413392
-1 0.152061 0.847939
-1 0.0510282 0.948972
1 0.802675 0.197325
-1 0.0737538 0.926246
-1 0.0808394 0.919161
1 0.618666 0.381334
1 0.908178 0.0918224
-1 0.478605 0.521395
1 0.872099 0.127901
-1 0.386925 0.613075
-1 0.0103331 0.989667
-1 0.0237445 0.976255
-1 0.0811125 0.918887
1 0.848149 0.151851
1 0.822565 0.177435
1 0.929895 0.0701047
-1 0.324822 0.675178
-1 0.152888 0.847112
-1 0.000875503 0.999124
1 0.594537 0.405463
-1 0.138263 0.861737
-1 0.105504 0.894496
-1 0.251034 0.748966
-1 0.466929 0.533071
-1 0.170833 0.829167
1 0.976403 0.0235968
-1 0.0639513 0.936049
1 0.642643 0.357357
-1 0.0631683 0.936832
1 0.863588 0.136412
-1 0.132602 0.867398
-1 0.0164848 0.983515
1 0.937082 0.0629178
-1 0.129627 0.870373
-1 0.0212738 0.978726
1 0.836665 0.163335
-1 0.466987 0.533013
1 0.896923 0.103077
-1 0.0132256 0.986774
1 0.576326 0.423674
1 0.929921 0.0700793
-1 0.352086 0.647914
1 0.911546 0.0884541
1 0.590662 0.409338
-1 0.0543372 0.945663
-1 0.0989401 0.90106
1 0.938354 0.0616459
1 0.974806 0.0251942
1 0.991191 0.00880852
-1 0.0221922 0.977808
-1 0.188557 0.811443
1 0.854218 0.145782
-1 0.439371 0.560629
-1 0.0103484 0.989652
1 0.938764 0.0612357
-1 0.151911 0.848089
1 0.894004 0.105996
-1 0.136826 0.863174
-1 0.292204 0.707796
-1 0.000894954 0.999105
1 0.803595 0.196405
1 0.563103 0.436897
-1 0.198143 0.801857
-1 0.225383 0.774617
1 0.964832 0.0351684
1 0.938833 0.0611674
1 0.639254 0.360746
-1 0.233193 0.766807
-1 0.000299375 0.999701
-1 0.0155696 0.98443
-1 0.0888578 0.911142
1 0.836778 0.163222
1 0.983279 0.0167207
-1 0.0506427 0.949357
1 0.956153 0.0438467
-1 0.00487472 0.995125
-1 0.264862 0.735138
1 0.810245 0.189755
1 0.70069 0.29931
-1 0.0271399 0.97286
1 0.680062 0.319938
1 0.876147 0.123853
-1 0.37305 0.62695
-1 0.1862 0.8138
1 0.640058 0.359942
-1 0.472725 0.527275
1 0.689642 0.310358
-1 0.233683 0.766317
-1 0.0987621 0.901238
-1 0.425554 0.574446
-1 0.0328366 0.967163
1 0.967043 0.0329566
-1 0.285467 0.714533
-1 0.175959 0.824041
-1 0.367996 0.632004
1 0.999701 0.000298771
1 0.760295 0.239705
1 0.988535 0.011465
1 0.917423 0.082577
1 0.995706 0.00429431
-1 0.0388596 0.96114
1 0.956777 0.0432227
-1 0.0244214 0.975579
1 0.865401 0.134599
-1 0.425044 0.574956
1 0.738008 0.261992
1 0.988812 0.0111883
-1 0.0814144 0.918586
-1 0.00508842 0.994912
-1 0.0360699 0.96393
-1 0.125098 0.874902
1 0.857536 0.142464
1 0.986674 0.0133264
-1 0.00865786 0.991342
1 0.951202 0.0487977
1 0.594118 0.405882
1 0.990775 0.00922541
-1 0.0855629 0.914437
1 0.534497 0.465503
1 0.623243 0.376757
1 0.903816 0.0961839
-1 0.0302329 0.969767
1 0.786218 0.213782
-1 0.000578953 0.999421
1 0.940983 0.0590173
1 0.843259 0.156741
-1 0.0405071 0.959493
1 0.933385 0.0666151
1 0.961662 0.038338
-1 0.00548264 0.994517
1 0.743734 0.256266
1 0.973845 0.0261546
-1 0.300691 0.699309
-1 0.00717681 0.992823
-1 0.438553 0.561447
1 0.727305 0.272695
1 0.51384 0.48616
-1 0.283387 0.716613
1 0.97558 0.0244202
-1 0.00805054 0.991949
1 0.787114 0.212886
1 0.592509 0.407491
-1 0.00192651 0.998073
-1 0.496109 0.503891
-1 0.00135021 0.99865
1 0.692031 0.307969
1 0.922929 0.077071
1 0.967942 0.0320579
-1 0.0146616 0.985338
1 0.993511 0.00648918
-1 0.00479049 0.99521
-1 0.0600259 0.939974
1 0.756796 0.243204
-1 0.292931 0.707069
1 0.940383 0.0596174
1 0.886686 0.113314
-1 0.491028 0.508972
1 0.513396 0.486604
1 0.849797 0.150203
1 0.527978 0.472022
-1 0.0320828 0.967917
-1 0.363698 0.636302
-1 0.00298122 0.997019
1 0.897595 0.102405
-1 0.38344 0.61656
-1 0.498529 0.501471
-1 0.34774 0.65226
1 0.54261 0.45739
1 0.611428 0.388572
-1 0.36868 0.63132
1 0.894697 0.105303
1 0.998616 0.00138384
-1 0.071301 0.928699
-1 0.00247607 0.997524
-1 0.306579 0.693421
-1 0.0904654 0.909535
1 0.655533 0.344467
1 0.912245 0.0877546
1 0.894813 0.105187
1 0.977996 0.0220036
1 0.999076 0.000923971
1 0.994286 0.00571401
1 0.871578 0.128422
1 0.566739 0.433261
1 0.750689 0.249311
1 0.77263 0.22737
-1 0.00308766 0.996912
-1 0.251456 0.748544
-1 0.000973188 0.999027
-1 0.410594 0.589406
-1 0.444644 0.555356
-1 0.204368 0.795632
1 0.846623 0.153377
-1 0.400187 0.599813
-1 0.120438 0.879562
-1 0.241118 0.758882
-1 0.206767 0.793233
-1 0.0340358 0.965964
-1 0.418825 0.581175
1 0.926987 0.0730132
-1 0.172908 0.827092
1 0.873768 0.126232
1 0.965607 0.0343928
1 0.636483 0.363517
1 0.769227 0.230773
-1 0.000129377 0.999871
-1 0.0257142 0.974286
-1 0.000121401 0.999879
-1 0.000463564 0.999536
-1 0.49719 0.50281
1 0.865228 0.134772
-1 0.0628825 0.937117
-1 0.0027636 0.997236
-1 0.179526 0.820474
1 0.950287 0.0497132
1 0.766574 0.233426
1 0.656166 0.343834
1 0.586546 0.413454
-1 0.0310276 0.968972
-1 0.0133917 0.986608
1 0.9197 0.0803
1 0.726467 0.273533
1 0.638994 0.361006
1 0.907115 0.0928846
-1 0.0571755 0.942825
1 0.98591 0.0140896
-1 0.042376 0.957624
1 0.924167 0.075833
-1 0.353465 0.646535
1 0.551022 0.448978
-1 0.00133922 0.998661
-1 0.166437 0.833563
-1 0.0896696 0.91033
-1 0.232737 0.767263
1 0.747408 0.252592
1 0.908418 0.0915818
-1 0.10176 0.89824
1 0.982407 0.0175931
-1 0.395738 0.604262
-1 0.0205647 0.979435
1 0.544552 0.455448
-1 0.205508 0.794492
-1 0.00420648 0.995794
-1 0.00761837 0.992382
1 0.84843 0.15157
1 0.957619 0.0423805
1 0.964173 0.0358272
-1 0.124045 0.875955
-1 0.175072 0.824928
-1 0.00806063 0.991939
-1 0.102657 0.897343
1 0.532417 0.467583
1 0.653082 0.346918
1 0.508043 0.491957
1 0.775293 0.224707
-1 0.0238716 0.976128
-1 0.379197 0.620803
-1 0.0344912 0.965509
-1 0.404088 0.595912
-1 0.390562 0.609438
1 0.883154 0.116846
1 0.522107 0.477893
-1 0.286542 0.713458
-1 0.0172943 0.982706
1 0.877327 0.122673
-1 0.384119 0.615881
-1 0.00155497 0.998445
1 0.991564 0.00843551
-1 0.387645 0.612355
-1 0.0291163 0.970884
-1 0.107281 0.892719
1 0.959106 0.0408938
1 0.911618 0.0883822
1 0.969013 0.0309874
-1 0.326325 0.673675
-1 0.0616907 0.938309
1 0.656763 0.343237
-1 0.0130365 0.986963
-1 0.00144506 0.998555
1 0.995923 0.00407666
1 0.641464 0.358536
1 0.902443 0.0975568
1 0.816992 0.183008
1 0.580215 0.419785
-1 0.085901 0.914099
-1 0.11047 0.88953
-1 0.00852176 0.991478
-1 0.0294944 0.970506
-1 0.258194 0.741806
1 0.692482 0.307518
1 0.976736 0.0232635
-1 0.00046054 0.999539
1 0.871248 0.128752
-1 0.123383 0.876617
1 0.736513 0.263487
1 0.871676 0.128324
-1 0.163307 0.836693
1 0.964606 0.0353936
-1 0.39464 0.60536
1 0.862374 0.137626
-1 0.228891 0.771109
1 0.986573 0.013427
-1 0.131116 0.868884
1 0.934704 0.0652959
1 0.986443 0.0135575
1 0.852688 0.147312
-1 0.234527 0.765473
-1 0.423461 0.576539
-1 0.146096 0.853904
1 0.802973 0.197027
-1 0.335951 0.664049
1 0.96721 0.03279
-1 0.0399334 0.960067
-1 0.0262997 0.9737
-1 0.0523429 0.947657
1 0.885927 0.114073
1 0.575002 0.424998
-1 0.467996 0.532004
-1 0.171386 0.828614
1 0.963891 0.0361092
1 0.989454 0.0105465
-1 0.000150506 0.999849
-1 0.0746394 0.925361
-1 0.113525 0.886475
-1 0.0371259 0.962874
1 0.98909 0.0109101
-1 0.000483452 0.999517
-1 0.0096594 0.990341
-1 0.00196965 0.99803
1 0.975598 0.0244018
1 0.883346 0.116654
-1 0.100403 0.899597
-1 0.252852 0.747148
-1 0.0199013 0.980099
-1 0.255715 0.744285
-1 0.325671 0.674329
1 0.913546 0.0864541
1 0.944624 0.0553764
1 0.823215 0.176785
-1 0.00368483 0.996315
-1 0.0166873 0.983313
-1 0.0556266 0.944373
-1 0.0176651 0.982335
1 0.856714 0.143286
-1 0.255284 0.744716
-1 0.0159606 0.984039
-1 0.313645 0.686355
1 0.841466 0.158534
-1 0.0014457 0.998554
-1 0.284965 0.715035
1 0.917215 0.0827854
-1 0.0458961 0.954104
1 0.863049 0.136951
-1 0.195866 0.804134
-1 0.203999 0.796001
-1 0.00844166 0.991558
1 0.618235 0.381765
1 0.955585 0.0444148
-1 0.0492922 0.950708
-1 0.0569474 0.943053
1 0.97693 0.0230702
1 0.915141 0.0848588
-1 0.00218166 0.997818
-1 0.0968101 0.90319
-1 0.00509022 0.99491
-1 0.113708 0.886292
1 0.946814 0.0531863
1 0.938957 0.0610432
-1 0.0359964 0.964004
-1 0.0994942 0.900506
-1 0.217955 0.782045
1 0.932939 0.0670607
-1 0.0472414 0.952759
-1 0.0939137 0.906086
-1 0.184205 0.815795
-1 0.001245 0.998755
-1 0.0977433 0.902257
1 0.971017 0.0289832
-1 0.0607087 0.939291
-1 0.114175 0.885825
-1 0.0897962 0.910204
-1 0.000685189 0.999315
1 0.883456 0.116544
-1 0.0461087 0.953891
1 0.973867 0.0261328
-1 0.00529006 0.99471
-1 0.0832686 0.916731
-1 0.275516 0.724484
1 0.95534 0.0446604
-1 0.00421781 0.995782
1 0.772231 0.227769
1 0.902844 0.0971558
1 0.863544 0.136456
1 0.516392 0.483608
-1 0.0104809 0.989519
1 0.636739 0.363261
1 0.67409 0.32591
1 0.967677 0.0323228
-1 0.334765 0.665235
1 0.643837 0.356163
1 0.760664 0.239336
1 0.864501 0.135499
1 0.996217 0.0037832
1 0.846948 0.153052
-1 0.0266363 0.973364
-1 0.0837647 0.916235
-1 0.00404427 0.995956
1 0.999342 0.000657837
1 0.953822 0.046178
1 0.746698 0.253302
1 0.688624 0.311376
1 0.72695 0.27305
-1 0.00152702 0.998473
1 0.725528 0.274472
-1 0.26708 0.73292
-1 0.199858 0.800142
1 0.669672 0.330328
-1 0.0468322 0.953168
1 0.995688 0.00431222
-1 0.0813807 0.918619
1 0.785747 0.214253
1 0.880288 0.119712
-1 0.126133 0.873867
-1 0.0105805 0.989419
1 0.955839 0.0441608
1 0.831209 0.168791
1 0.562886 0.437114
-1 0.0738299 0.92617
-1 0.16671 0.83329
1 0.989901 0.0100989
1 0.540461 0.459539
1 0.513471 0.486529
1 0.831323 0.168677
1 0.992209 0.00779124
-1 0.0325222 0.967478
1 0.828021 0.171979
1 0.911064 0.0889363
-1 0.0333453 0.966655
-1 0.200553 0.799447
1 0.955604 0.0443964
1 0.959656 0.0403438
-1 0.0541293 0.945871
-1 0.0104361 0.989564
1 0.506625 0.493375
-1 0.171835 0.828165
1 0.816298 0.183702
-1 0.108409 0.891591
-1 0.0111974 0.988803
1 0.964907 0.0350932
-1 0.00238313 0.997617
-1 0.0136321 0.986368
1 0.88889 0.11111
-1 0.289507 0.710493
1 0.895421 0.104579
-1 0.32507 0.67493
1 0.720637 0.279363
1 0.69783 0.30217
-1 0.0338375 0.966163
-1 0.0448318 0.955168
1 0.883915 0.116085
-1 0.0244891 0.975511
1 0.992806 0.0071937
1 0.915429 0.084571
-1 0.0290727 0.970927
1 0.933342 0.0666579
-1 0.0841083 0.915892
-1 0.0435879 0.956412
-1 0.305166 0.694834
-1 0.0829196 0.91708
-1 0.0699472 0.930053
-1 0.422037 0.577963
-1 0.00363248 0.996368
1 0.943375 0.0566254
-1 0.0241675 0.975833
-1 0.41158 0.58842
1 0.840248 0.159752
-1 0.0429298 0.95707
-1 0.0500461 0.949954
1 0.976109 0.0238915
-1 0.101918 0.898082
-1 0.259028 0.740972
1 0.619472 0.380528
-1 0.143676 0.856324
-1 0.156229 0.843771
1 0.997049 0.00295087
1 0.848415 0.151585
1 0.649611 0.350389
-1 0.244942 0.755058
-1 0.106836 0.893164
1 0.975216 0.0247836
-1 0.480035 0.519965
-1 0.0533644 0.946636
-1 0.126795 0.873205
-1 0.241255 0.758745
-1 0.159 0.841
1 0.908418 0.0915823
-1 0.102336 0.897664
-1 0.351511 0.648489
1 0.604384 0.395616
1 0.78986 0.21014
1 0.993484 0.00651626
1 0.526558 0.473442
1 0.947411 0.052589
1 0.940573 0.0594266
-1 0.0247817 0.975218
-1 0.0147045 0.985295
-1 0.360509 0.639491
-1 0.380798 0.619202
1 0.86235 0.13765
1 0.87546 0.12454
1 0.881155 0.118845
1 0.576079 0.423921
1 0.517454 0.482546
1 0.892875 0.107125
1 0.949523 0.050477
-1 0.100929 0.899071
-1 0.0510113 0.948989
-1 0.0283421 0.971658
-1 0.0221599 0.97784
1 0.698187 0.301813
-1 0.369636 0.630364
-1 0.0909709 0.909029
-1 0.00313962 0.99686
-1 0.206803 0.793197
-1 0.0613091 0.938691
1 0.780645 0.219355
-1 0.224549 0.775451
1 0.575405 0.424595
1 0.670199 0.329801
-1 0.00291724 0.997083
-1 0.000648216 0.999352
1 0.997684 0.00231582
1 0.974907 0.0250928
1 0.506385 0.493615
-1 0.42128 0.57872
1 0.904284 0.0957165
1 0.623392 0.376608
1 0.90573 0.0942699
1 0.644152 0.355848
1 0.8312 0.1688
1 0.989151 0.0108491
1 0.933982 0.0660177
-1 0.0341284 0.965872
-1 0.0160545 0.983946
-1 0.385044 0.614956
1 0.524178 0.475822
-1 0.451872 0.548128
-1 0.39438 0.60562
-1 0.0753665 0.924633
-1 0.00334357 0.996656
1 0.865526 0.134474
-1 0.456174 0.543826
1 0.941833 0.0581666
-1 0.374202 0.625798
-1 0.154876 0.845124
-1 0.415388 0.584612
-1 0.151298 0.848702
-1 0.403547 0.596453
1 0.99026 0.00973974
-1 0.00274364 0.997256
-1 0.0119976 0.988002
1 0.581446 0.418554
-1 0.0763892 0.923611
1 0.983139 0.0168614
1 0.682427 0.317573
-1 0.310538 0.689462
1 0.902314 0.0976862
1 0.623973 0.376027
-1 0.428858 0.571142
1 0.969436 0.0305636
-1 0.0412402 0.95876
-1 0.058278 0.941722
1 0.770006 0.229994
-1 0.0390669 0.960933
-1 0.000766034 0.999234
1 0.566374 0.433626
-1 0.0056142 0.994386
-1 0.162441 0.837559
-1 0.0158502 0.98415
-1 0.0063659 0.993634
-1 0.0140048 0.985995
-1 0.495678 0.504322
1 0.832338 0.167662
-1 0.00970391 0.990296
1 0.979338 0.0206622
1 0.946985 0.053015
1 0.807342 0.192658
-1 0.301774 0.698226
1 0.803432 0.196568
1 0.843494 0.156506
-1 0.00317728 0.996823
-1 0.0116052 0.988395
1 0.948551 0.0514492
-1 0.00161967 0.99838
1 0.998618 0.0013822
-1 0.010765 0.989235
1 0.725713 0.274287
-1 0.198505 0.801495
-1 0.109688 0.890312
-1 0.0104684 0.989532
1 0.992235 0.00776526
-1 0.00456763 0.995432
-1 0.191833 0.808167
-1 0.239537 0.760463
-1 0.418547 0.581453
-1 0.0756307 0.924369
-1 0.380203 0.619797
1 0.987992 0.0120082
1 0.990111 0.00988914
1 0.910646 0.0893537
1 0.660409 0.339591
1 0.913737 0.0862625
1 0.585558 0.414442
-1 0.0794425 0.920558
1 0.999919 8.09149e-05
-1 0.445446 0.554554
-1 0.231526 0.768474
-1 0.198507 0.801493
1 0.769619 0.230381
1 0.879988 0.120012
1 0.779529 0.220471
-1 0.0174979 0.982502
-1 0.380616 0.619384
1 0.849432 0.150568
1 0.964346 0.0356538
-1 0.327425 0.672575
1 0.987978 0.012022
-1 0.0407429 0.959257
-1 0.090145 0.909855
-1 0.00494888 0.995051
1 0.657422 0.342578
-1 0.460416 0.539584
-1 0.217388 0.782612
1 0.99564 0.00435956
1 0.937111 0.0628886
-1 0.0606008 0.939399
1 0.994255 0.00574497
1 0.811586 0.188414
-1 0.109338 0.890662
-1 0.0605331 0.939467
1 0.833169 0.166831
-1 0.0278285 0.972172
1 0.994224 0.00577551
-1 0.0241066 0.975893
-1 0.156919 0.843081
-1 0.0430444 0.956956
-1 0.469924 0.530076
-1 0.129083 0.870917
1 0.643377 0.356623
1 0.948918 0.0510821
1 0.861717 0.138283
1 0.992242 0.00775772
-1 0.140215 0.859785
-1 0.0588924 0.941108
-1 0.141105 0.858895
-1 0.173621 0.826379
1 0.779217 0.220783
-1 0.00466933 0.995331
1 0.99077 0.00922978
-1 0.00167119 0.998329
1 0.93211 0.0678899
-1 0.0128854 0.987115
-1 0.202089 0.797911
1 0.566824 0.433176
-1 0.356183 0.643817
1 0.764769 0.235231
1 0.95103 0.04897
-1 0.0988982 0.901102
1 0.623237 0.376763
-1 0.061887 0.938113
-1 0.00624029 0.99376
-1 0.412521 0.587479
-1 0.39728 0.60272
-1 0.185106 0.814894
1 0.994669 0.00533085
1 0.642757 0.357243
-1 0.0532802 0.94672
-1 0.000950249 0.99905
1 0.870274 0.129726
-1 0.162296 0.837704
1 0.800424 0.199576
1 0.803493 0.196507
-1 0.000424242 0.999576
-1 0.04938 0.95062
1 0.970644 0.0293559
-1 0.00192559 0.998074
-1 0.470084 0.529916
1 0.663162 0.336838
-1 0.24739 0.75261
-1 0.311186 0.688814
-1 0.0438296 0.95617
1 0.95537 0.0446301
1 0.958623 0.0413773
-1 0.0237615 0.976239
1 0.902044 0.0979564
1 0.947871 0.0521292
1 0.657865 0.342135
1 0.911298 0.0887024
-1 0.0177691 0.982231
-1 0.0241216 0.975878
1 0.541506 0.458494
1 0.960408 0.0395919
-1 0.000733926 0.999266
-1 0.0121909 0.987809
-1 0.23744 0.76256
-1 0.0544207 0.945579
-1 0.0311426 0.968857
-1 0.0733384 0.926662
-1 1.58596e-05 0.999984
1 0.865981 0.134019
-1 0.174779 0.825221
-1 0.0195369 0.980463
-1 0.0950298 0.90497
-1 0.437686 0.562314
-1 0.180342 0.819658
-1 0.497514 0.502486
-1 0.0026452 0.997355
-1 0.106678 0.893322
1 0.920567 0.079433
-1 0.403121 0.596879
1 0.982186 0.0178136
-1 0.485604 0.514396
-1 0.201831 0.798169
1 0.922127 0.0778725
1 0.981577 0.0184231
-1 0.392217 0.607783
1 0.78576 0.21424
1 0.956849 0.0431512
-1 0.491837 0.508163
-1 0.0350522 0.964948
-1 0.277874 0.722126
-1 0.0589426 0.941057
-1 0.0895553 0.910445
-1 0.284853 0.715147
1 0.963791 0.0362094
-1 0.0139104 0.98609
1 0.6427 0.3573
1 0.508205 0.491795
-1 0.131938 0.868062
-1 0.231525 0.768475
1 0.929078 0.0709216
-1 0.148806 0.851194
1 0.769716 0.230284
1 0.874475 0.125525
1 0.656718 0.343282
-1 0.248169 0.751831
-1 0.248924 0.751076
-1 0.0163222 0.983678
-1 0.0271043 0.972896
1 0.964615 0.0353847
1 0.8194 0.1806
-1 0.253544 0.746456
-1 0.00412208 0.995878
-1 0.14135 0.85865
1 0.797769 0.202231
-1 0.304398 0.695602
-1 0.219687 0.780313
-1 0.30744 0.69256
-1 0.264406 0.735594
1 0.985291 0.0147087
1 0.759038 0.240962
-1 0.0603815 0.939618
-1 0.228936 0.771064
-1 0.01868 0.98132
-1 0.0814663 0.918534
1 0.73851 0.26149
1 0.998394 0.00160613
1 0.966798 0.0332022
1 0.588382 0.411618
1 0.677346 0.322654
1 0.956821 0.0431787
1 0.549659 0.450341
-1 0.26815 0.73185
-1 0.00203574 0.997964
1 0.936162 0.0638383
1 0.669986 0.330014
1 0.507215 0.492785
-1 0.0363021 0.963698
1 0.620786 0.379214
-1 0.000356827 0.999643
-1 0.0638624 0.936138
1 0.611294 0.388706
1 0.924502 0.0754984
-1 0.0363508 0.963649
-1 0.441616 0.558384
-1 0.0196759 0.980324
1 0.984139 0.0158614
-1 0.433741 0.566259
-1 0.13923 0.86077
1 0.984034 0.0159664
-1 0.377166 0.622834
1 0.744113 0.255887
1 0.875634 0.124366
1 0.789129 0.210871
-1 0.0102191 0.989781
1 0.840983 0.159017
-1 0.346099 0.653901
1 0.95859 0.0414105
-1 0.0047256 0.995274
-1 0.0337558 0.966244
1 0.909331 0.0906686
1 0.537124 0.462876
-1 0.0240005 0.976
1 0.903704 0.0962959
1 0.532911 0.467089
1 0.520901 0.479099
-1 0.11142 0.88858
-1 0.0149541 0.985046
1 0.793513 0.206487
-1 0.237004 0.762996
1 0.860455 0.139545
-1 0.117847 0.882153
1 0.93499 0.0650095
-1 0.219311 0.780689
-1 0.00293113 0.997069
1 0.985495 0.0145048
-1 0.01622 0.98378
1 0.980691 0.0193093
1 0.876824 0.123176
-1 0.437625 0.562375
-1 0.0194715 0.980529
-1 0.0303438 0.969656
1 0.905299 0.0947009
-1 0.126861 0.873139
-1 0.00173892 0.998261
-1 0.0317427 0.968257
-1 0.0446588 0.955341
-1 0.470967 0.529033
-1 0.172249 0.827751
-1 0.00603363 0.993966
-1 0.0684313 0.931569
-1 0.168978 0.831022
-1 0.0696142 0.930386
-1 0.461448 0.538552
-1 0.0159785 0.984022
-1 0.124986 0.875014
-1 0.00234483 0.997655
1 0.995714 0.00428597
-1 0.00544451 0.994555
-1 0.0218088 0.978191
1 0.770341 0.229659
1 0.995461 0.00453923
-1 0.116679 0.883321
1 0.820513 0.179487
-1 0.12869 0.87131
-1 0.18529 0.81471
-1 0.01967 0.98033
1 0.845373 0.154627
-1 0.440671 0.559329
-1 0.369093 0.630907
-1 0.0285129 0.971487
1 0.704694 0.295306
1 0.901376 0.0986245
-1 0.122069 0.877931
1 0.921047 0.0789531
1 0.980638 0.0193617
1 0.997115 0.00288516
-1 0.33961 0.66039
-1 0.429458 0.570542
-1 0.275781 0.724219
-1 0.488827 0.511173
1 0.961664 0.038336
-1 0.0570356 0.942964
1 0.9586 0.0413996
-1 0.282056 0.717944
-1 0.0113689 0.988631
-1 0.167887 0.832113
-1 0.00502896 0.994971
1 0.967437 0.0325631
1 0.920638 0.0793619
-1 0.407573 0.592427
-1 0.149345 0.850655
1 0.965244 0.0347564
-1 0.198129 0.801871
1 0.619197 0.380803
1 0.964246 0.0357537
1 0.959764 0.0402357
1 0.994561 0.00543886
-1 0.362432 0.637568
1 0.952978 0.0470224
-1 0.319337 0.680663
1 0.669016 0.330984
-1 0.313956 0.686044
1 0.94633 0.0536696
-1 0.00890666 0.991093
1 0.987572 0.0124284
-1 0.0690112 0.930989
-1 0.00256325 0.997437
-1 0.033584 0.966416
-1 0.00434017 0.99566
-1 0.358752 0.641248
-1 0.0800601 0.91994
1 0.935113 0.0648872
-1 0.319591 0.680409
1 0.836759 0.163241
-1 0.00798146 0.992019
1 0.827636 0.172364
-1 0.498703 0.501297
-1 0.016805 0.983195
-1 0.295544 0.704456
-1 0.153 0.847
1 0.992537 0.00746319
-1 0.13372 0.86628
1 0.987712 0.0122883
-1 0.192354 0.807646
1 0.548861 0.451139
1 0.856829 0.143171
-1 0.163499 0.836501
-1 0.442913 0.557087
-1 0.24781 0.75219
-1 0.495841 0.504159
-1 0.0146233 0.985377
1 0.989794 0.0102058
-1 0.181247 0.818753
1 0.573251 0.426749
1 0.976778 0.0232224
-1 3.61454e-05 0.999964
1 0.529993 0.470007
1 0.96809 0.0319105
-1 0.0294279 0.970572
1 0.683866 0.316134
-1 0.0451355 0.954865
-1 0.153973 0.846027
-1 0.153468 0.846532
-1 0.374042 0.625958
-1 0.219777 0.780223
1 0.965664 0.0343365
-1 0.424119 0.575881
1 0.996881 0.0031192
1 0.516415 0.483585
-1 0.485205 0.514795
-1 0.211755 0.788245
-1 0.484074 0.515926
-1 0.08774 0.91226
-1 0.380261 0.619739
1 0.895773 0.104227
-1 0.00378552 0.996214
1 0.952252 0.0477481
1 0.973712 0.026288
-1 0.155593 0.844407
-1 0.483299 0.516701
-1 0.38318 0.61682
1 0.988812 0.0111882
1 0.96472 0.0352797
1 0.99139 0.00860977
1 0.505142 0.494858
-1 0.0421469 0.957853
1 0.994056 0.00594403
-1 0.0777857 0.922214
1 0.868464 0.131536
1 0.647562 0.352438
1 0.573971 0.426029
1 0.993374 0.00662601
1 0.938369 0.0616315
1 0.550522 0.449478
1 0.876777 0.123223
-1 0.0132434 0.986757
-1 0.492897 0.507103
-1 0.423999 0.576001
1 0.63423 0.36577
-1 0.0175721 0.982428
1 0.963775 0.0362254
1 0.997895 0.00210546
1 0.536194 0.463806
-1 0.0472757 0.952724
-1 0.0132949 0.986705
1 0.969476 0.0305244
-1 0.195575 0.804425
-1 0.090977 0.909023
1 0.810338 0.189662
-1 0.064048 0.935952
-1 0.0402096 0.95979
1 0.979942 0.0200577
-1 0.075235 0.924765
1 0.92567 0.0743303
-1 0.353064 0.646936
1 0.950122 0.0498779
1 0.979626 0.0203737
-1 0.0398626 0.960137
-1 0.00821494 0.991785
-1 0.101134 0.898866
1 0.87591 0.12409
-1 0.0209942 0.979006
1 0.985769 0.0142311
1 0.659892 0.340108
1 0.90732 0.0926798
1 0.962711 0.0372887
1 0.658452 0.341548
1 0.885211 0.114789
1 0.692891 0.307109
-1 0.0204156 0.979584
-1 0.17283 0.82717
-1 0.00856085 0.991439
-1 0.0479303 0.95207
1 0.629334 0.370666
-1 0.0167836 0.983216
1 0.535718 0.464282
-1 0.359352 0.640648
-1 0.220677 0.779323
1 0.797011 0.202989
-1 0.229809 0.770191
1 0.932341 0.0676595
1 0.633711 0.366289
1 0.993801 0.00619888
-1 0.000982063 0.999018
1 0.51336 0.48664
1 0.871395 0.128605
-1 0.00970222 0.990298
-1 0.0423358 0.957664
-1 0.164572 0.835428
-1 0.23147 0.76853
-1 0.28712 0.71288
1 0.768859 0.231141
1 0.996686 0.00331446
-1 0.00129421 0.998706
1 0.947675 0.0523252
-1 0.296982 0.703018
-1 0.0476496 0.95235
1 0.62912 0.37088
-1 0.37659 0.62341
-1 0.193387 0.806613
1 0.878685 0.121315
1 0.998034 0.00196593
-1 0.185082 0.814918
1 0.621001 0.378999
1 0.916902 0.0830984
1 0.893641 0.106359
-1 0.0659477 0.934052
-1 0.150095 0.849905
1 0.99736 0.00263995
1 0.979762 0.0202377
1 0.991565 0.00843546
1 0.888271 0.111729
-1 0.0952004 0.9048
1 0.969517 0.0304831
-1 0.494753 0.505247
-1 0.263431 0.736569
-1 0.0160912 0.983909
1 0.996637 0.0033627
1 0.943896 0.0561042
-1 0.0795392 0.920461
-1 0.108637 0.891363
-1 0.133808 0.866192
-1 0.0817782 0.918222
1 0.663123 0.336877
1 0.925846 0.0741537
-1 0.154944 0.845056
1 0.838728 0.161272
1 0.8249 0.1751
-1 0.078778 0.921222
-1 0.12814 0.87186
-1 0.287466 0.712534
-1 0.245766 0.754234
1 0.587866 0.412134
-1 0.0830409 0.916959
-1 0.236943 0.763057
1 0.996186 0.00381375
-1 0.0480052 0.951995
1 0.590022 0.409978
-1 0.191911 0.808089
-1 0.035257 0.964743
1 0.895785 0.104215
1 0.92422 0.0757797
1 0.827709 0.172291
1 0.874486 0.125514
1 0.976195 0.0238054
-1 0.267498 0.732502
-1 0.111126 0.888874
1 0.997431 0.00256874
-1 0.145189 0.854811
1 0.649335 0.350665
1 0.640996 0.359004
-1 0.276871 0.723129
-1 0.0125552 0.987445
-1 0.374214 0.625786
-1 0.394776 0.605224
-1 0.200503 0.799497
1 0.999885 0.000115094
-1 0.329405 0.670595
-1 0.327383 0.672617
-1 0.207283 0.792717
1 0.97245 0.0275503
-1 0.311969 0.688031
1 0.990057 0.0099429
-1 0.0219638 0.978036
1 0.850334 0.149666
-1 7.49723e-05 0.999925
-1 0.0812832 0.918717
-1 0.0235196 0.97648
1 0.53971 0.46029
1 0.990867 0.00913262
1 0.991925 0.00807471
1 0.867308 0.132692
-1 0.0402093 0.959791
-1 0.107116 0.892884
1 0.994875 0.00512455
-1 0.0204698 0.97953
1 0.81754 0.18246
1 0.992921 0.00707916
1 0.984387 0.0156129
-1 0.436641 0.563359
-1 0.471606 0.528394
1 0.988685 0.0113154
1 0.995566 0.00443425
-1 0.281159 0.718841
-1 0.219434 0.780566
-1 0.424204 0.575796
-1 0.0987599 0.90124
-1 0.179095 0.820905
1 0.720891 0.279109
-1 0.00696163 0.993038
-1 0.404949 0.595051
-1 0.0783918 0.921608
-1 0.490557 0.509443
-1 0.355547 0.644453
1 0.911622 0.0883782
-1 0.0914081 0.908592
-1 0.00107268 0.998927
-1 0.347272 0.652728
1 0.987938 0.0120622
1 0.94315 0.05685
1 0.738522 0.261478
1 0.665189 0.334811
1 0.593694 0.406306
-1 0.495646 0.504354
1 0.794227 0.205773
1 0.892595 0.107405
-1 0.000278132 0.999722
-1 0.00709712 0.992903
1 0.853503 0.146497
-1 0.00660486 0.993395
-1 0.447209 0.552791
1 0.931179 0.0688213
-1 0.0147488 0.985251
1 0.764642 0.235358
1 0.909332 0.0906685
-1 0.48983 0.51017
-1 0.00843732 0.991563
-1 0.0365964 0.963404
-1 0.160751 0.839249
-1 0.00150476 0.998495
-1 0.297416 0.702584
-1 0.0832354 0.916765
-1 0.0565284 0.943472
1 0.978595 0.0214054
-1 0.486246 0.513754
-1 0.213172 0.786828
1 0.535918 0.464082
-1 0.229728 0.770272
1 0.999065 0.000934984
-1 0.0134817 0.986518
-1 0.0469498 0.95305
-1 0.284767 0.715233
-1 0.357699 0.642301
-1 0.160165 0.839835
1 0.826456 0.173544
1 0.97159 0.0284101
1 0.982635 0.017365
1 0.937961 0.0620387
1 0.897492 0.102508
-1 0.0116047 0.988395
-1 0.0913574 0.908643
-1 0.154134 0.845866
-1 0.198379 0.801621
-1 0.428151 0.571849
1 0.860118 0.139882
-1 0.242427 0.757573
1 0.968199 0.0318007
1 0.691225 0.308775
1 0.988451 0.0115488
-1 0.0523117 0.947688
1 0.905088 0.0949118
1 0.908036 0.0919639
-1 0.01279 0.98721
-1 0.187097 0.812903
-1 0.25746 0.74254
1 0.791401 0.208599
1 0.601041 0.398959
-1 0.0749481 0.925052
1 0.768735 0.231265
-1 0.33054 0.66946
-1 0.0170825 0.982918
1 0.828895 0.171105
-1 0.00859411 0.991406
1 0.913609 0.0863907
1 0.972309 0.0276914
1 0.666997 0.333003
1 0.783749 0.216251
-1 0.134737 0.865263
1 0.933878 0.066122
1 0.84727 0.15273
1 0.810232 0.189768
-1 0.0041029 0.995897
-1 0.171306 0.828694
-1 0.198529 0.801471
1 0.97501 0.0249897
-1 0.472502 0.527498
1 0.545201 0.454799
-1 0.0213567 0.978643
-1 0.00701105 0.992989
1 0.514365 0.485635
-1 0.0475617 0.952438
-1 0.292442 0.707558
-1 0.122497 0.877503
1 0.9901 0.00990043
-1 0.238254 0.761746
1 0.639386 0.360614
1 0.81593 0.18407
-1 0.0115069 0.988493
-1 0.0597978 0.940202
-1 0.242512 0.757488
-1 0.278703 0.721297
1 0.533123 0.466877
1 0.997445 0.00255463
1 0.568229 0.431771
-1 0.00757798 0.992422
1 0.869648 0.130352
1 0.742558 0.257442
1 0.98607 0.0139302
1 0.648645 0.351355
-1 0.140254 0.859746
-1 0.0219638 0.978036
-1 0.139088 0.860912
1 0.879169 0.120831
-1 0.259997 0.740003
-1 0.404046 0.595954
1 0.594709 0.405291
1 0.743144 0.256856
-1 0.222754 0.777246
1 0.794596 0.205404
1 0.93618 0.0638197
-1 0.290989 0.709011
1 0.783212 0.216788
1 0.960545 0.0394553
-1 0.0158679 0.984132
-1 0.021223 0.978777
-1 0.183076 0.816924
-1 0.151524 0.848476
1 0.903505 0.0964947
-1 0.00518499 0.994815
-1 0.0611765 0.938824
1 0.74583 0.25417
-1 0.0484674 0.951533
-1 0.281787 0.718213
1 0.959225 0.0407753
-1 0.413985 0.586015
-1 0.0660251 0.933975
-1 0.120079 0.879921
-1 0.272117 0.727883
-1 9.63521e-05 0.999904
-1 0.00159104 0.998409
-1 0.251597 0.748403
-1 0.00604907 0.993951
1 0.912151 0.0878488
-1 0.371614 0.628386
1 0.770546 0.229454
-1 0.0434049 0.956595
1 0.949581 0.0504185
1 0.61756 0.38244
1 0.831197 0.168803
-1 0.302526 0.697474
-1 0.182654 0.817346
-1 0.00257327 0.997427
-1 0.419546 0.580454
-1 0.217003 0.782997
-1 0.0186002 0.9814
-1 0.207001 0.792999
1 0.990368 0.00963159
-1 0.0795258 0.920474
1 0.999614 0.000386455
-1 0.479894 0.520106
-1 0.41989 0.58011
-1 0.447339 0.552661
-1 0.218185 0.781815
-1 0.0192622 0.980738
-1 0.132335 0.867665
-1 0.212424 0.787576
1 0.99693 0.00306997
1 0.851852 0.148148
-1 0.205101 0.794899
-1 0.0219356 0.978064
-1 0.0320314 0.967969
1 0.932494 0.0675059
-1 0.0510613 0.948939
-1 0.0156228 0.984377
-1 0.00740121 0.992599
-1 0.0167386 0.983261
1 0.820793 0.179207
1 0.726046 0.273954
-1 0.049304 0.950696
-1 0.263644 0.736356
-1 0.209102 0.790898
1 0.864953 0.135047
1 0.768378 0.231622
-1 0.00948178 0.990518
-1 0.0883686 0.911631
1 0.826782 0.173218
1 0.672563 0.327437
-1 0.348594 0.651406
1 0.981888 0.0181125
-1 0.198114 0.801886
1 0.919185 0.080815
1 0.929036 0.0709636
1 0.739477 0.260523
-1 0.11224 0.88776
-1 0.0854196 0.91458
-1 0.0757423 0.924258
-1 0.04878 0.95122
-1 0.0023355 0.997664
1 0.99475 0.00524951
1 0.884954 0.115046
1 0.980078 0.0199221
1 0.680806 0.319194
1 0.966177 0.0338233
-1 0.226056 0.773944
-1 0.000225082 0.999775
1 0.502001 0.497999
-1 0.064555 0.935445
-1 0.0338049 0.966195
-1 0.0156372 0.984363
1 0.726288 0.273712
1 0.960859 0.0391412
-1 0.00868806 0.991312
-1 0.291123 0.708877
1 0.773664 0.226336
1 0.987766 0.0122341
-1 7.96191e-05 0.99992
1 0.832411 0.167589
-1 0.233223 0.766777
-1 0.018479 0.981521
1 0.990265 0.00973544
-1 0.0507768 0.949223
-1 0.00309121 0.996909
1 0.991123 0.00887661
-1 0.232739 0.767261
1 0.964363 0.0356366
1 0.899463 0.100537
1 0.969456 0.0305435
-1 0.272576 0.727424
-1 0.012567 0.987433
-1 0.492833 0.507167
1 0.52235 0.47765
1 0.857375 0.142625
-1 0.00150379 0.998496
-1 0.328459 0.671541
-1 0.0070154 0.992985
1 0.680845 0.319155
1 0.523443 0.476557
-1 0.0180831 0.981917
-1 0.0346012 0.965399
1 0.656372 0.343628
1 0.930083 0.0699172
1 0.850272 0.149728
-1 0.157682 0.842318
1 0.924571 0.0754288
-1 0.0223599 0.97764
-1 0.0114106 0.988589
1 0.773883 0.226117
-1 0.0682386 0.931761
-1 0.00902708 0.990973
-1 0.17407 0.82593
-1 0.0343504 0.96565
-1 0.060741 0.939259
1 0.728481 0.271519
-1 0.0113796 0.98862
-1 0.0483705 0.951629
-1 0.0187182 0.981282
-1 0.35277 0.64723
-1 0.308604 0.691396
-1 0.0760531 0.923947
-1 0.0761947 0.923805
-1 0.00305589 0.996944
-1 0.480767 0.519233
1 0.884856 0.115144
1 0.987762 0.0122378
1 0.784331 0.215669
1 0.68441 0.31559
-1 0.0736151 0.926385
-1 0.0673425 0.932657
-1 0.18932 0.81068
-1 0.133867 0.866133
-1 0.279402 0.720598
-1 0.263552 0.736448
1 0.675309 0.324691
-1 0.00631655 0.993683
1 0.917334 0.0826661
-1 0.49783 0.50217
1 0.979666 0.020334
-1 0.00496451 0.995035
-1 0.076164 0.923836
-1 0.0556625 0.944337
-1 0.109902 0.890098
1 0.572935 0.427065
-1 0.0408535 0.959147
1 0.953874 0.0461262
1 0.995208 0.00479216
-1 0.11522 0.88478
1 0.920274 0.0797265
1 0.553805 0.446195
-1 0.124287 0.875713
1 0.981211 0.0187887
-1 0.171907 0.828093
1 0.956076 0.0439238
-1 0.0490635 0.950936
1 0.90684 0.0931601
-1 0.0229756 0.977024
-1 0.0161952 0.983805
1 0.782106 0.217894
1 0.956411 0.0435895
-1 0.149865 0.850135
1 0.680256 0.319744
1 0.879229 0.120771
1 0.952722 0.0472777
-1 0.44815 0.55185
1 0.999887 0.000113066
1 0.926235 0.0737652
-1 7.85833e-06 0.999992
-1 0.122298 0.877702
1 0.952697 0.0473026
1 0.902151 0.097849
-1 0.00420069 0.995799
1 0.992212 0.00778843
-1 0.142147 0.857853
-1 0.13834 0.86166
1 0.998972 0.00102799
-1 0.317882 0.682118
-1 0.00742404 0.992576
1 0.731417 0.268583
1 0.846939 0.153061
1 0.963686 0.0363138
-1 0.294918 0.705082
1 0.983216 0.0167839
-1 0.144547 0.855453
-1 0.297933 0.702067
1 0.987029 0.0129709
1 0.827204 0.172796
1 0.989826 0.0101744
1 0.972078 0.0279224
1 0.594707 0.405293
1 0.917774 0.0822263
-1 0.260293 0.739707
1 0.606903 0.393097
-1 0.00486844 0.995132
-1 0.0638192 0.936181
1 0.989461 0.0105389
-1 0.00334288 0.996657
-1 4.37901e-05 0.999956
-1 0.0222181 0.977782
1 0.957789 0.0422115
1 0.843514 0.156486
-1 0.00386139 0.996139
-1 0.123226 0.876774
-1 0.207149 0.792851
1 0.619783 0.380217
-1 0.0563501 0.94365
-1 0.131165 0.868835
-1 0.0347617 0.965238
1 0.884618 0.115382
1 0.755826 0.244174
-1 0.128834 0.871166
1 0.781829 0.218171
-1 0.0264146 0.973585
1 0.684001 0.315999
-1 0.131414 0.868586
1 0.999449 0.00055123
1 0.654694 0.345306
1 0.909381 0.0906185
-1 0.0204391 0.979561
1 0.521744 0.478256
-1 0.0204751 0.979525
-1 0.0234442 0.976556
-1 0.278978 0.721022
-1 0.218994 0.781006
1 0.923727 0.0762726
1 0.954097 0.0459026
1 0.994797 0.0052033
-1 0.022418 0.977582
-1 0.00422402 0.995776
1 0.795071 0.204929
-1 0.122016 0.877984
-1 0.0347935 0.965207
-1 0.191577 0.808423
1 0.999538 0.000462492
-1 0.132183 0.867817
1 0.729424 0.270576
1 0.552021 0.447979
-1 0.155282 0.844718
1 0.81483 0.18517
1 0.636683 0.363317
1 0.98939 0.0106101
1 0.700978 0.299022
1 0.896282 0.103718
-1 0.177949 0.822051
-1 0.215955 0.784045
-1 0.0945159 0.905484
-1 0.0736489 0.926351
-1 0.225444 0.774556
-1 0.0229681 0.977032
1 0.834695 0.165305
1 0.571372 0.428628
-1 0.41483 0.58517
1 0.683291 0.316709
-1 0.266828 0.733172
1 0.765017 0.234983
1 0.578231 0.421769
1 0.690052 0.309948
-1 0.449703 0.550297
1 0.688008 0.311992
-1 0.0391883 0.960812
-1 0.18427 0.81573
1 0.924325 0.0756752
1 0.648667 0.351333
-1 0.0302585 0.969742
1 0.998981 0.0010194
1 0.998802 0.00119819
1 0.950085 0.0499152
1 0.508837 0.491163
-1 0.268371 0.731629
-1 0.00273739 0.997263
-1 0.121153 0.878847
-1 0.169041 0.830959
1 0.666435 0.333565
1 0.888593 0.111407
-1 0.00199719 0.998003
1 0.977374 0.0226256
1 0.956554 0.0434465
-1 0.159575 0.840425
-1 0.478086 0.521914
-1 0.0162114 0.983789
-1 0.01524 0.98476
1 0.911581 0.088419
-1 0.419521 0.580479
1 0.602299 0.397701
-1 0.0296724 0.970328
1 0.923311 0.0766885
-1 0.0489886 0.951011
-1 0.447275 0.552725
1 0.695778 0.304222
-1 0.0874627 0.912537
1 0.68766 0.31234
-1 0.00881769 0.991182
-1 0.000932187 0.999068
1 0.736331 0.263669
1 0.994279 0.00572099
1 0.987084 0.0129159
1 0.788993 0.211007
-1 0.0178279 0.982172
-1 0.41541 0.58459
-1 0.1779 0.8221
-1 0.499175 0.500825
1 0.940255 0.0597446
1 0.637453 0.362547
1 0.647685 0.352315
1 0.656604 0.343396
-1 0.320362 0.679638
-1 0.420224 0.579776
-1 0.000544186 0.999456
-1 0.0381322 0.961868
-1 0.322203 0.677797
-1 0.160614 0.839386
-1 0.26086 0.73914
-1 0.48393 0.51607
1 0.991572 0.008428
-1 0.414383 0.585617
1 0.56089 0.43911
-1 0.00342328 0.996577
-1 0.00310714 0.996893
-1 0.0628279 0.937172
-1 0.368495 0.631505
-1 0.0338113 0.966189
1 0.801098 0.198902
-1 0.0527402 0.94726
1 0.736874 0.263126
-1 0.268392 0.731608
1 0.730451 0.269549
1 0.955348 0.0446519
1 0.786094 0.213906
-1 0.0374509 0.962549
-1 0.252411 0.747589
-1 0.00820721 0.991793
-1 0.208278 0.791722
-1 0.477886 0.522114
1 0.994185 0.00581457
1 0.980896 0.0191041
1 0.974245 0.0257545
1 0.865355 0.134645
-1 0.0612247 0.938775
1 0.897118 0.102882
-1 0.102869 0.897131
1 0.998349 0.00165078
1 0.892784 0.107216
1 0.831795 0.168205
1 0.571637 0.428363
-1 0.467528 0.532472
-1 0.194003 0.805997
1 0.914223 0.0857775
1 0.988835 0.0111653
1 0.9971 0.00289965
-1 0.00723874 0.992761
1 0.832976 0.167024
-1 0.0158629 0.984137
-1 0.020156 0.979844
1 0.762656 0.237344
-1 0.06908 0.93092
-1 0.273441 0.726559
-1 0.0516453 0.948355
-1 0.326083 0.673917
-1 0.0398687 0.960131
1 0.892911 0.107089
1 0.816398 0.183602
-1 0.00320409 0.996796
1 0.962799 0.0372013
-1 0.0269438 0.973056
-1 0.362139 0.637861
-1 0.0725936 0.927406
-1 0.269145 0.730855
1 0.621275 0.378725
1 0.92647 0.0735302
1 0.734427 0.265573
1 0.961646 0.0383537
-1 0.0238469 0.976153
-1 0.291019 0.708981
-1 0.00719996 0.9928
1 0.971473 0.0285272
-1 0.482437 0.517563
1 0.829922 0.170078
1 0.53524 0.46476
1 0.981003 0.0189972
-1 0.0879243 0.912076
1 0.846654 0.153346
1 0.9223 0.0777002
1 0.906112 0.093888
-1 0.0503983 0.949602
1 0.870519 0.129481
-1 0.365125 0.634875
-1 0.065728 0.934272
1 0.908867 0.0911329
-1 0.211008 0.788992
-1 0.295248 0.704752
1 0.92196 0.0780404
1 0.934949 0.0650507
-1 0.107367 0.892633
-1 0.33548 0.66452
1 0.990197 0.00980257
-1 0.410189 0.589811
-1 0.174251 0.825749
1 0.995162 0.00483796
1 0.862213 0.137787
1 0.95235 0.0476495
-1 4.04476e-05 0.99996
1 0.978125 0.0218752
-1 0.0293888 0.970611
1 0.880835 0.119165
-1 0.111136 0.888864
1 0.581357 0.418643
1 0.980567 0.0194331
-1 0.129049 0.870951
-1 0.0127298 0.98727
1 0.989562 0.0104385
-1 0.479862 0.520138
-1 0.196096 0.803904
1 0.967105 0.0328947
1 0.96386 0.0361395
-1 0.0773361 0.922664
1 0.906474 0.0935264
1 0.58882 0.41118
1 0.933954 0.0660458
1 0.537581 0.462419
1 0.944464 0.0555364
1 0.808073 0.191927
1 0.943951 0.0560487
1 0.863376 0.136624
1 0.876621 0.123379
-1 0.171922 0.828078
1 0.997476 0.00252376
1 0.723915 0.276085
-1 0.0139522 0.986048
-1 0.00602716 0.993973
-1 0.483365 0.516635
-1 0.00932189 0.990678
-1 0.00709712 0.992903
1 0.898821 0.101179
1 0.771646 0.228354
1 0.96237 0.0376297
-1 0.252182 0.747818
-1 0.15317 0.84683
-1 0.0200773 0.979923
-1 0.0352644 0.964736
1 0.904926 0.095074
-1 0.0168569 0.983143
1 0.961978 0.0380222
1 0.890667 0.109333
-1 0.26989 0.73011
1 0.711319 0.288681
-1 0.270771 0.729229
-1 0.169357 0.830643
1 0.9615 0.0384999
-1 0.0199358 0.980064
-1 0.0770702 0.92293
1 0.986373 0.0136271
-1 0.131999 0.868001
-1 0.016274 0.983726
-1 0.302305 0.697695
1 0.946412 0.0535875
1 0.956754 0.043246
-1 0.0182487 0.981751
-1 0.419612 0.580388
1 0.552128 0.447872
-1 0.146434 0.853566
-1 0.369305 0.630695
1 0.79963 0.20037
-1 0.00728411 0.992716
-1 0.0805979 0.919402
1 0.536681 0.463319
-1 0.0547535 0.945246
1 0.70726 0.29274
-1 0.474953 0.525047
-1 0.102559 0.897441
1 0.936386 0.0636137
-1 0.252953 0.747047
-1 0.135929 0.864071
1 0.996679 0.00332108
1 0.950016 0.0499836
1 0.952512 0.047488
1 0.513687 0.486313
-1 0.0311117 0.968888
1 0.848672 0.151328
-1 0.478571 0.521429
1 0.906123 0.0938767
1 0.812262 0.187738
-1 0.00646678 0.993533
-1 0.448548 0.551452
-1 0.429443 0.570557
1 0.648942 0.351058
-1 0.281588 0.718412
1 0.996612 0.00338834
-1 0.22703 0.77297
1 0.801596 0.198404
-1 0.147771 0.852229
1 0.84715 0.15285
-1 0.171537 0.828463
1 0.995675 0.0043251
-1 0.000224233 0.999776
-1 0.055356 0.944644
-1 0.0887919 0.911208
-1 0.15003 0.84997
-1 0.144461 0.855539
-1 0.125288 0.874712
-1 0.0381631 0.961837
-1 0.0175308 0.982469
-1 0.00606001 0.99394
-1 0.00268201 0.997318
-1 0.00836787 0.991632
-1 0.199804 0.800196
-1 0.269968 0.730032
1 0.598737 0.401263
1 0.913674 0.0863261
1 0.929336 0.0706645
1 0.536655 0.463345
-1 0.00791501 0.992085
1 0.840494 0.159506
-1 0.444753 0.555247
-1 0.0178699 0.98213
-1 0.0233991 0.976601
-1 0.048433 0.951567
1 0.563815 0.436185
-1 0.0522217 0.947778
-1 0.0938403 0.90616
-1 0.151244 0.848756
1 0.687965 0.312035
-1 0.146943 0.853057
1 0.990998 0.00900233
-1 0.147806 0.852194
-1 0.0111649 0.988835
1 0.818212 0.181788
-1 0.253099 0.746901
-1 0.231289 0.768711
-1 0.00576866 0.994231
1 0.909839 0.0901609
-1 0.0767895 0.92321
1 0.81086 0.18914
1 0.996447 0.0035531
-1 0.0346349 0.965365
-1 0.287989 0.712011
1 0.724349 0.275651
1 0.532385 0.467615
1 0.913495 0.086505
-1 0.215933 0.784067
-1 0.379092 0.620908
1 0.580566 0.419434
-1 0.0276148 0.972385
-1 0.285823 0.714177
1 0.550201 0.449799
1 0.930521 0.0694792
-1 0.122619 0.877381
1 0.937871 0.0621288
-1 0.0167225 0.983277
1 0.630419 0.369581
1 0.714616 0.285384
1 0.767819 0.232181
1 0.974926 0.0250739
1 0.972285 0.0277151
-1 0.00179533 0.998205
-1 0.00458079 0.995419
1 0.976759 0.0232408
1 0.884004 0.115996
1 0.538949 0.461051
1 0.939909 0.0600907
-1 0.44803 0.55197
-1 0.00270209 0.997298
1 0.938741 0.0612593
1 0.554459 0.445541
1 0.987017 0.0129829
-1 0.205902 0.794098
1 0.950307 0.0496926
1 0.984809 0.0151907
1 0.994691 0.00530868
1 0.521872 0.478128
-1 0.266681 0.733319
1 0.987664 0.0123361
-1 0.152091 0.847909
1 0.926763 0.0732368
1 0.919724 0.080276
1 0.976592 0.0234079
-1 0.0305249 0.969475
-1 0.0510955 0.948905
1 0.870853 0.129147
1 0.592617 0.407383
1 0.994561 0.00543864
1 0.988802 0.0111983
-1 0.175364 0.824636
1 0.653631 0.346369
-1 0.0156958 0.984304
1 0.915298 0.0847021
-1 0.0496671 0.950333
-1 0.0290059 0.970994
-1 0.00285681 0.997143
-1 0.0826195 0.91738
-1 0.0470137 0.952986
-1 0.0568552 0.943145
1 0.53073 0.46927
-1 0.0353853 0.964615
-1 0.0591802 0.94082
1 0.960476 0.0395236
-1 0.201822 0.798178
-1 0.00872042 0.99128
1 0.845962 0.154038
-1 0.462977 0.537023
1 0.928436 0.0715635
-1 0.0362718 0.963728
1 0.699803 0.300197
1 0.689499 0.310501
-1 0.221241 0.778759
-1 0.261967 0.738033
1 0.989301 0.0106987
-1 0.276876 0.723124
-1 0.282504 0.717496
-1 0.498998 0.501002
-1 0.384437 0.615563
1 0.773586 0.226414
-1 0.193186 0.806814
1 0.747381 0.252619
-1 0.116369 0.883631
-1 0.194969 0.805031
1 0.779319 0.220681
1 0.986898 0.0131016
1 0.837728 0.162272
1 0.834169 0.165831
-1 0.0115919 0.988408
1 0.773676 0.226324
-1 0.376575 0.623425
1 0.900804 0.0991961
-1 0.00454209 0.995458
1 0.902249 0.0977512
1 0.790699 0.209301
-1 0.0166131 0.983387
1 0.856324 0.143676
1 0.795845 0.204155
-1 0.0518706 0.948129
-1 0.0301148 0.969885
1 0.976024 0.0239761
1 0.890726 0.109274
-1 0.00610265 0.993897
-1 0.0199345 0.980065
-1 0.299633 0.700367
1 0.94105 0.0589504
1 0.754985 0.245015
1 0.519383 0.480617
1 0.947158 0.0528423
1 0.944677 0.0553231
1 0.547623 0.452377
1 0.973057 0.0269435
-1 0.0828116 0.917188
-1 0.063288 0.936712
1 0.731791 0.268209
-1 0.369721 0.630279
-1 0.0551219 0.944878
1 0.703001 0.296999
-1 0.0943998 0.9056
1 0.800143 0.199857
-1 0.241892 0.758108
-1 0.111876 0.888124
1 0.97358 0.0264195
1 0.932665 0.0673347
-1 0.371983 0.628017
1 0.993456 0.00654388
-1 0.113333 0.886667
-1 0.174305 0.825695
-1 0.0195483 0.980452
-1 0.000453988 0.999546
1 0.830618 0.169382
1 0.885651 0.114349
-1 0.00142848 0.998572
-1 0.200052 0.799948
1 0.992001 0.00799931
1 0.955313 0.0446873
1 0.958414 0.0415859
1 0.988355 0.0116453
-1 0.263818 0.736182
-1 0.0611167 0.938883
-1 0.322467 0.677533
-1 0.241477 0.758523
-1 0.406597 0.593403
-1 0.00634242 0.993658
1 0.953001 0.0469992
-1 0.00189215 0.998108
-1 0.00540547 0.994595
-1 0.0320642 0.967936
-1 0.142904 0.857096
1 0.724434 0.275566
-1 0.00455161 0.995448
-1 0.0149448 0.985055
1 0.690449 0.309551
-1 0.252034 0.747966
-1 0.121672 0.878328
1 0.64848 0.35152
-1 0.166942 0.833058
1 0.888903 0.111097
-1 0.0100974 0.989903
1 0.985706 0.014294
-1 0.0203692 0.979631
1 0.964167 0.035833
-1 0.0309985 0.969002
-1 0.140796 0.859204
-1 0.0632082 0.936792
-1 0.273812 0.726188
-1 8.50867e-05 0.999915
1 0.978359 0.0216413
1 0.982748 0.0172518
1 0.927941 0.0720593
1 0.759172 0.240828
1 0.948292 0.0517084
1 0.964165 0.0358349
1 0.67365 0.32635
-1 0.040407 0.959593
-1 0.0106405 0.98936
-1 0.286251 0.713749
1 0.961675 0.0383247
1 0.976194 0.0238063
1 0.874086 0.125914
1 0.843769 0.156231
1 0.894056 0.105944
-1 0.0235882 0.976412
-1 0.0162461 0.983754
1 0.995391 0.0046085
1 0.951 0.0489998
-1 0.069153 0.930847
-1 0.17221 0.82779
-1 0.486813 0.513187
1 0.891067 0.108933
1 0.886517 0.113483
-1 0.371944 0.628056
-1 0.0390564 0.960944
-1 0.049156 0.950844
-1 0.16631 0.83369
1 0.754222 0.245778
1 0.990748 0.00925195
-1 0.0313625 0.968638
-1 0.00977711 0.990223
-1 0.0116193 0.988381
1 0.979843 0.0201569
1 0.96078 0.0392204
1 0.991411 0.0085894
-1 0.0300494 0.969951
-1 0.436897 0.563103
1 0.800513 0.199487
-1 0.0831337 0.916866
1 0.718103 0.281897
-1 0.0986338 0.901366
1 0.764297 0.235703
1 0.951105 0.0488954
1 0.980443 0.0195571
1 0.875441 0.124559
-1 0.466125 0.533875
1 0.953881 0.0461187
1 0.95431 0.0456904
1 0.952623 0.0473772
1 0.776031 0.223969
-1 0.0351421 0.964858
1 0.944691 0.0553088
1 0.964543 0.0354575
-1 0.00108806 0.998912
-1 0.0213241 0.978676
1 0.66238 0.33762
-1 0.390725 0.609275
1 0.962726 0.0372745
-1 0.336737 0.663263
-1 0.00917474 0.990825
1 0.950416 0.0495839
-1 0.00986588 0.990134
1 0.594096 0.405904
1 0.941867 0.0581328
1 0.664115 0.335885
-1 0.192817 0.807183
-1 0.00266363 0.997336
1 0.716956 0.283044
1 0.604966 0.395034
-1 0.438077 0.561923
-1 0.0264178 0.973582
1 0.892676 0.107324
1 0.544411 0.455589
-1 0.121783 0.878217
-1 0.118718 0.881282
-1 0.499715 0.500285
-1 0.0899243 0.910076
-1 0.0156594 0.984341
-1 0.0325493 0.967451
1 0.685336 0.314664
-1 1.04446e-05 0.99999
1 0.994203 0.00579662
-1 0.175818 0.824182
-1 0.31237 0.68763
-1 0.062257 0.937743
-1 0.00925569 0.990744
1 0.89371 0.10629
1 0.874855 0.125145
-1 0.00231247 0.997688
-1 0.444561 0.555439
-1 0.0425281 0.957472
1 0.935312 0.0646877
1 0.925064 0.0749355
1 0.620327 0.379673
-1 0.00118493 0.998815
-1 0.33645 0.66355
-1 0.00383145 0.996169
-1 0.0616494 0.938351
-1 0.238613 0.761387
1 0.524331 0.475669
1 0.872746 0.127254
1 0.955486 0.0445139
-1 0.107138 0.892862
1 0.771564 0.228436
-1 0.00303819 0.996962
-1 0.316958 0.683042
1 0.783004 0.216996
-1 0.0890756 0.910924
-1 0.0355192 0.964481
-1 0.055892 0.944108
-1 0.000126762 0.999873
-1 0.148194 0.851806
-1 0.092475 0.907525
1 0.582925 0.417075
1 0.61676 0.38324
-1 0.0358252 0.964175
-1 0.0514789 0.948521
1 0.990948 0.00905243
-1 0.1437 0.8563
1 0.641349 0.358651
1 0.821711 0.178289
1 0.568467 0.431533
-1 0.018693 0.981307
1 0.997345 0.00265483
-1 0.0760445 0.923956
-1 0.0545063 0.945494
-1 0.354949 0.645051
1 0.508626 0.491374
-1 0.296663 0.703337
1 0.765932 0.234068
1 0.995397 0.00460278
-1 0.00332264 0.996677
1 0.997266 0.002734
-1 0.00933297 0.990667
-1 0.399052 0.600948
1 0.998323 0.00167689
-1 0.049565 0.950435
1 0.859073 0.140927
-1 0.424501 0.575499
1 0.86787 0.13213
1 0.818321 0.181679
-1 0.0718061 0.928194
-1 0.172964 0.827036
-1 0.321648 0.678352
1 0.931351 0.0686488
-1 0.00237658 0.997623
-1 0.074543 0.925457
-1 0.384966 0.615034
1 0.635741 0.364259
-1 0.0690348 0.930965
1 0.613523 0.386477
-1 0.0589022 0.941098
-1 0.164963 0.835037
1 0.974377 0.0256226
1 0.5972 0.4028
-1 0.230472 0.769528
1 0.981525 0.018475
-1 0.350342 0.649658
1 0.897407 0.102593
-1 0.146299 0.853701
-1 0.076265 0.923735
1 0.615289 0.384711
1 0.508732 0.491268
-1 4.09201e-05 0.999959
1 0.955279 0.0447208
1 0.861895 0.138105
1 0.95297 0.0470296
-1 0.036333 0.963667
-1 0.468961 0.531039
-1 0.334938 0.665062
1 0.895284 0.104716
-1 0.406686 0.593314
1 0.857915 0.142085
-1 0.114401 0.885599
1 0.593251 0.406749
-1 0.109187 0.890813
1 0.586699 0.413301
1 0.53945 0.46055
-1 0.00188061 0.998119
-1 0.00513088 0.994869
1 0.988365 0.0116346
1 0.678506 0.321494
-1 0.0581556 0.941844
-1 0.117548 0.882452
1 0.986563 0.0134371
1 0.9675 0.0325003
-1 0.0646903 0.93531
-1 0.0461269 0.953873
1 0.847083 0.152917
1 0.629893 0.370107
-1 0.107731 0.892269
1 0.688043 0.311957
-1 0.0533235 0.946676
-1 0.0434545 0.956545
1 0.795109 0.204891
-1 0.248124 0.751876
1 0.998587 0.00141296
1 0.578819 0.421181
1 0.68554 0.31446
-1 0.224219 0.775781
-1 0.0786982 0.921302
1 0.811224 0.188776
-1 0.0615695 0.93843
-1 0.0164954 0.983505
1 0.997504 0.00249631
1 0.607546 0.392454
1 0.891301 0.108699
-1 0.155671 0.844329
-1 0.0479399 0.95206
-1 0.0163566 0.983643
-1 0.000719028 0.999281
-1 0.467985 0.532015
1 0.579151 0.420849
-1 0.039545 0.960455
-1 0.258112 0.741888
1 0.735351 0.264649
-1 0.00661347 0.993387
-1 0.201988 0.798012
1 0.866361 0.133639
-1 0.0409113 0.959089
1 0.875708 0.124292
1 0.768606 0.231394
-1 0.349593 0.650407
1 0.811126 0.188874
1 0.832045 0.167955
-1 0.195908 0.804092
1 0.74178 0.25822
-1 0.492063 0.507937
-1 0.408941 0.591059
-1 0.311223 0.688777
1 0.763095 0.236905
1 0.99687 0.00312989
1 0.978765 0.0212348
-1 0.378374 0.621626
-1 0.00740381 0.992596
1 0.908634 0.0913664
-1 0.0641837 0.935816
-1 0.0840027 0.915997
-1 0.385317 0.614683
-1 0.0234832 0.976517
-1 0.0138031 0.986197
-1 0.00150839 0.998492
-1 0.0953329 0.904667
-1 0.0135287 0.986471
1 0.78515 0.21485
-1 0.00612434 0.993876
-1 0.0421812 0.957819
-1 0.252682 0.747318
1 0.848316 0.151684
-1 0.0173471 0.982653
-1 0.214715 0.785285
-1 0.109059 0.890941
-1 0.127526 0.872474
1 0.702096 0.297904
-1 0.465622 0.534378
-1 0.00679518 0.993205
-1 0.202273 0.797727
1 0.83489 0.16511
1 0.894408 0.105592
-1 0.225351 0.774649
1 0.963814 0.0361856
-1 0.459965 0.540035
1 0.965282 0.0347179
-1 0.0136558 0.986344
1 0.992605 0.00739519
1 0.974446 0.0255542
-1 0.0888559 0.911144
-1 0.00442558 0.995574
1 0.692079 0.307921
-1 0.00102229 0.998978
1 0.763925 0.236075
-1 0.224219 0.775781
1 0.942739 0.0572613
-1 0.0584768 0.941523
-1 0.147699 0.852301
1 0.721278 0.278722
-1 0.00189596 0.998104
-1 0.0118578 0.988142
1 0.994228 0.00577164
1 0.980644 0.0193564
-1 0.0859428 0.914057
-1 0.0140677 0.985932
-1 0.496984 0.503016
-1 0.00713732 0.992863
-1 0.091648 0.908352
1 0.925028 0.0749718
1 0.993141 0.00685879
-1 0.0199164 0.980084
1 0.977705 0.0222946
1 0.78617 0.21383
1 0.813064 0.186936
1 0.945993 0.0540074
1 0.974683 0.0253169
-1 0.0249547 0.975045
1 0.971208 0.0287917
-1 0.404342 0.595658
-1 0.324784 0.675216
-1 0.00312148 0.996879
-1 0.411903 0.588097
-1 0.00160311 0.998397
1 0.959273 0.0407273
-1 0.442993 0.557007
-1 0.204006 0.795994
-1 0.0422602 0.95774
-1 0.21304 0.78696
1 0.740204 0.259796
-1 0.0623127 0.937687
-1 0.283387 0.716613
-1 0.101898 0.898102
-1 0.0555852 0.944415
1 0.875394 0.124606
-1 0.0445572 0.955443
-1 0.0411614 0.958839
-1 0.368208 0.631792
-1 0.327902 0.672098
-1 0.325783 0.674217
-1 0.00221576 0.997784
1 0.674555 0.325445
1 0.974188 0.025812
-1 0.239264 0.760736
1 0.89285 0.10715
1 0.511569 0.488431
-1 0.021203 0.978797
1 0.546296 0.453704
-1 0.29575 0.70425
1 0.91409 0.0859096
1 0.971987 0.0280134
1 0.643756 0.356244
1 0.804011 0.195989
-1 0.0881571 0.911843
-1 0.345979 0.654021
1 0.98605 0.0139499
1 0.961902 0.0380984
1 0.723975 0.276025
1 0.900799 0.0992011
-1 0.0110887 0.988911
1 0.755481 0.244519
-1 0.301411 0.698589
1 0.760943 0.239057
1 0.856822 0.143178
1 0.806014 0.193986
-1 0.245646 0.754354
-1 0.0407989 0.959201
-1 0.196154 0.803846
1 0.838539 0.161461
1 0.994561 0.00543864
-1 0.173703 0.826297
-1 0.121665 0.878335
-1 0.0314096 0.96859
1 0.972603 0.0273971
-1 0.0503155 0.949685
-1 0.364368 0.635632
-1 0.15188 0.84812
-1 0.00289203 0.997108
1 0.874334 0.125666
1 0.982453 0.0175474
-1 0.0233634 0.976637
1 0.993388 0.00661218
-1 0.0608484 0.939152
-1 0.0972656 0.902734
1 0.994104 0.00589633
-1 0.176533 0.823467
1 0.936296 0.063704
1 0.907008 0.0929925
1 0.971182 0.0288182
1 0.751964 0.248036
-1 0.000329102 0.999671
1 0.992955 0.00704509
-1 0.0112813 0.988719
1 0.715893 0.284107
-1 0.284778 0.715222
1 0.683753 0.316247
1 0.974524 0.0254756
-1 0.0028639 0.997136
1 0.928823 0.0711771
1 0.953785 0.0462154
-1 0.0334664 0.966534
-1 0.10605 0.89395
-1 0.438078 0.561922
-1 0.00217218 0.997828
-1 0.013805 0.986195
1 0.941349 0.0586509
1 0.981602 0.0183978
1 0.836419 0.163581
1 0.981031 0.0189689
1 0.949146 0.0508538
-1 0.287485 0.712515
1 0.965083 0.0349166
1 0.619414 0.380586
-1 0.0647893 0.935211
-1 0.000575881 0.999424
1 0.717413 0.282587
1 0.741976 0.258024
-1 0.472471 0.527529
-1 0.211837 0.788163
-1 0.0898694 0.910131
1 0.979904 0.020096
-1 0.0675167 0.932483
-1 0.265616 0.734384
1 0.654875 0.345125
-1 0.00990777 0.990092
1 0.991141 0.00885866
-1 0.329694 0.670306
1 0.980527 0.0194735
-1 0.311702 0.688298
-1 0.391854 0.608146
-1 0.151243 0.848757
1 0.960275 0.0397246
-1 0.271363 0.728637
-1 0.363122 0.636878
1 0.736585 0.263415
-1 0.0086907 0.991309
-1 0.323158 0.676842
-1 0.142121 0.857879
-1 0.244414 0.755586
-1 0.139816 0.860184
-1 0.0226256 0.977374
1 0.667486 0.332514
-1 0.0395156 0.960484
1 0.886216 0.113784
-1 0.316323 0.683677
1 0.994167 0.00583308
1 0.592067 0.407933
1 0.641545 0.358455
-1 0.167695 0.832305
1 0.601432 0.398568
1 0.954951 0.0450493
-1 0.000464307 0.999536
-1 0.31848 0.68152
-1 0.463129 0.536871
1 0.982631 0.0173692
-1 0.252486 0.747514
1 0.728565 0.271435
-1 0.348196 0.651804
-1 0.149381 0.850619
1 0.820309 0.179691
1 0.981969 0.0180313
1 0.756222 0.243778
1 0.981509 0.0184914
-1 0.254174 0.745826
1 0.990971 0.00902943
-1 0.174807 0.825193
-1 0.126043 0.873957
-1 0.242407 0.757593
-1 0.317001 0.682999
1 0.94858 0.0514196
1 0.950747 0.0492531
-1 0.42123 0.57877
1 0.917103 0.0828971
1 0.70088 0.29912
1 0.547466 0.452534
1 0.853835 0.146165
1 0.935171 0.0648287
-1 0.161475 0.838525
-1 0.0186248 0.981375
1 0.976225 0.0237747
1 0.587551 0.412449
-1 0.00228754 0.997712
1 0.993916 0.00608384
1 0.572107 0.427893
1 0.909381 0.0906185
-1 0.315461 0.684539
1 0.695817 0.304183
1 0.986535 0.0134654
1 0.908992 0.0910079
1 0.977035 0.0229649
-1 0.325904 0.674096
1 0.772163 0.227837
1 0.981717 0.0182827
-1 0.00560794 0.994392
-1 0.00499061 0.995009
1 0.846413 0.153587
1 0.653388 0.346612
-1 0.341756 0.658244
-1 0.238262 0.761738
1 0.789536 0.210464
-1 0.130774 0.869226
-1 0.23191 0.76809
1 0.932936 0.0670637
1 0.829071 0.170929
1 0.825911 0.174089
1 0.868108 0.131892
1 0.951858 0.048142
1 0.632516 0.367484
-1 0.216296 0.783704
1 0.607765 0.392235
-1 0.0306434 0.969357
-1 0.112864 0.887136
-1 0.0117174 0.988283
-1 0.13676 0.86324
1 0.881959 0.118041
1 0.973155 0.0268445
1 0.99819 0.00180995
1 0.965318 0.0346818
1 0.971286 0.0287137
1 0.997542 0.0024583
1 0.745003 0.254997
-1 0.00631151 0.993688
1 0.791867 0.208133
-1 0.440673 0.559327
-1 0.00887484 0.991125
-1 0.0708036 0.929196
-1 0.00364768 0.996352
1 0.908343 0.0916573
-1 0.0403963 0.959604
1 0.990414 0.00958635
1 0.959282 0.0407178
-1 0.0361752 0.963825
1 0.764266 0.235734
-1 0.359835 0.640165
1 0.87668 0.12332
1 0.74134 0.25866
1 0.628478 0.371522
1 0.63608 0.36392
-1 0.304253 0.695747
-1 0.0132376 0.986762
-1 0.0552765 0.944723
1 0.992536 0.00746351
1 0.810977 0.189023
1 0.95841 0.04159
-1 0.242057 0.757943
-1 0.24089 0.75911
1 0.998113 0.00188704
-1 0.145514 0.854486
-1 0.0773078 0.922692
-1 0.146294 0.853706
-1 0.032225 0.967775
-1 0.0383256 0.961674
-1 0.00541143 0.994589
-1 0.0207656 0.979234
-1 0.374038 0.625962
1 0.620321 0.379679
1 0.852214 0.147786
1 0.890838 0.109162
1 0.709152 0.290848
-1 0.34979 0.65021
1 0.962433 0.0375666
-1 0.0372824 0.962718
1 0.996836 0.00316411
1 0.884622 0.115378
1 0.885642 0.114358
-1 0.192487 0.807513
-1 0.0219874 0.978013
-1 0.0433842 0.956616
1 0.946926 0.0530744
-1 0.00143465 0.998565
-1 0.0446313 0.955369
1 0.677914 0.322086
-1 0.08423 0.91577
1 0.995346 0.004654
-1 0.00234755 0.997652
-1 0.0169533 0.983047
1 0.963455 0.0365447
-1 0.222497 0.777503
1 0.996956 0.00304388
-1 0.392461 0.607539
-1 0.14353 0.85647
-1 0.000136971 0.999863
1 0.977736 0.0222636
1 0.982855 0.0171449
-1 0.178494 0.821506
-1 0.120867 0.879133
-1 0.193902 0.806098
-1 0.102239 0.897761
1 0.863369 0.136631
-1 0.113393 0.886607
-1 0.00508339 0.994917
1 0.574263 0.425737
-1 0.157223 0.842777
-1 0.00644727 0.993553
-1 0.469609 0.530391
1 0.825347 0.174653
1 0.983279 0.016721
1 0.967529 0.0324714
1 0.953 0.047
-1 0.0731179 0.926882
-1 0.36603 0.63397
1 0.534037 0.465963
1 0.68311 0.31689
-1 0.227684 0.772316
1 0.556181 0.443819
1 0.878125 0.121875
-1 0.222081 0.777919
1 0.936037 0.0639625
-1 0.177733 0.822267
-1 0.00163062 0.998369
-1 0.0263331 0.973667
-1 0.356943 0.643057
1 0.994774 0.00522604
-1 0.113871 0.886129
-1 0.250607 0.749393
-1 0.0805197 0.91948
-1 0.0327095 0.96729
-1 0.015438 0.984562
1 0.534765 0.465235
1 0.600588 0.399412
-1 0.282623 0.717377
-1 0.00258652 0.997413
1 0.991706 0.00829449
1 0.98985 0.0101501
-1 0.0862911 0.913709
-1 0.0410991 0.958901
1 0.956776 0.0432241
-1 0.0174105 0.98259
-1 0.271841 0.728159
1 0.957702 0.0422977
1 0.869034 0.130966
-1 0.352061 0.647939
1 0.988 0.0120004
1 0.540751 0.459249
1 0.533375 0.466625
1 0.615718 0.384282
-1 0.227145 0.772855
-1 0.0253331 0.974667
-1 0.288482 0.711518
1 0.985929 0.0140708
1 0.959341 0.0406586
1 0.611886 0.388114
-1 0.119678 0.880322
-1 0.0377048 0.962295
-1 0.398573 0.601427
-1 0.0591882 0.940812
1 0.99879 0.00120999
1 0.839746 0.160254
-1 0.00275832 0.997242
1 0.995636 0.00436372
-1 0.0568734 0.943127
-1 0.359726 0.640274
-1 0.260471 0.739529
-1 0.0372273 0.962773
1 0.842794 0.157206
1 0.52235 0.47765
-1 0.220975 0.779025
1 0.998376 0.00162439
-1 0.0289055 0.971095
1 0.733322 0.266678
1 0.936217 0.0637826
-1 0.421695 0.578305
-1 0.0495933 0.950407
1 0.904734 0.0952659
-1 0.169792 0.830208
1 0.999081 0.000918552
-1 0.108466 0.891534
1 0.948584 0.051416
1 0.727039 0.272961
-1 0.240969 0.759031
-1 0.437122 0.562878
-1 0.117085 0.882915
-1 0.107628 0.892372
1 0.539043 0.460957
-1 0.15271 0.84729
1 0.617647 0.382353
1 0.910289 0.0897106
-1 0.163933 0.836067
-1 3.85626e-05 0.999961
-1 0.0123962 0.987604
1 0.747163 0.252837
1 0.931124 0.0688757
1 0.510198 0.489802
1 0.732503 0.267497
1 0.952082 0.0479181
1 0.954271 0.0457293
1 0.82711 0.17289
-1 0.450125 0.549875
-1 0.296496 0.703504
1 0.713379 0.286621
-1 0.0102525 0.989747
1 0.831928 0.168072
-1 0.158376 0.841624
-1 0.0156539 0.984346
1 0.951504 0.0484955
1 0.990767 0.00923267
-1 0.333956 0.666044
-1 0.00341633 0.996584
-1 0.191934 0.808066
-1 0.00904497 0.990955
1 0.661238 0.338762
-1 0.00881789 0.991182
1 0.694563 0.305437
-1 0.202196 0.797804
1 0.788645 0.211355
1 0.998578 0.00142185
-1 0.0381449 0.961855
-1 0.151607 0.848393
1 0.978619 0.0213815
-1 0.428632 0.571368
-1 0.173345 0.826655
-1 0.191291 0.808709
-1 0.00058441 0.999416
-1 0.231038 0.768962
1 0.978757 0.0212434
-1 0.00234349 0.997657
-1 0.281868 0.718132
-1 0.361063 0.638937
1 0.989182 0.0108182
1 0.658137 0.341863
-1 0.161642 0.838358
1 0.991406 0.00859356
1 0.568787 0.431213
1 0.844816 0.155184
-1 0.326725 0.673275
-1 0.491486 0.508514
-1 0.00815053 0.991849
1 0.996084 0.00391583
-1 0.486929 0.513071
1 0.986622 0.0133776
-1 0.0839224 0.916078
-1 0.142318 0.857682
-1 0.221164 0.778836
1 0.760865 0.239135
-1 0.0705364 0.929464
1 0.778618 0.221382
-1 0.00474635 0.995254
1 0.619402 0.380598
1 0.509248 0.490752
-1 0.3803 0.6197
-1 0.0078763 0.992124
1 0.950291 0.0497091
-1 0.0803533 0.919647
-1 0.0028665 0.997134
-1 0.0340814 0.965919
-1 0.0329339 0.967066
-1 0.0324588 0.967541
-1 0.197616 0.802384
1 0.979786 0.0202135
-1 0.0866907 0.913309
-1 0.331933 0.668067
-1 0.0230218 0.976978
-1 0.251577 0.748423
1 0.989687 0.0103127
1 0.764078 0.235922
-1 0.239785 0.760215
1 0.725855 0.274145
1 0.969031 0.0309694
-1 0.11686 0.88314
1 0.740112 0.259888
-1 0.00732416 0.992676
-1 0.00311525 0.996885
1 0.679931 0.320069
1 0.912558 0.0874416
1 0.999027 0.000973199
-1 0.493427 0.506573
1 0.981753 0.0182475
1 0.998757 0.00124306
-1 0.220397 0.779603
-1 0.478084 0.521916
1 0.975031 0.0249686
1 0.79135 0.20865
1 0.96687 0.0331301
1 0.533532 0.466468
-1 0.019645 0.980355
-1 0.125654 0.874346
-1 0.206157 0.793843
1 0.915104 0.084896
-1 0.473181 0.526819
-1 0.185761 0.814239
1 0.973238 0.0267623
-1 0.399025 0.600975
1 0.958312 0.0416881
1 0.736321 0.263679
1 0.983178 0.016822
-1 0.0209542 0.979046
1 0.577265 0.422735
-1 0.137045 0.862955
-1 0.0242164 0.975784
1 0.927322 0.0726783
1 0.859872 0.140128
-1 0.0717247 0.928275
-1 0.0168195 0.98318
-1 0.226897 0.773103
-1 0.00510148 0.994899
-1 0.0646014 0.935399
-1 0.209549 0.790451
-1 0.274417 0.725583
1 0.98445 0.0155497
-1 0.0277265 0.972273
-1 0.0254089 0.974591
-1 0.010445 0.989555
-1 0.147522 0.852478
-1 0.0223101 0.97769
1 0.994771 0.00522889
1 0.769108 0.230892
-1 0.0188245 0.981176
1 0.994051 0.00594942
-1 0.0399771 0.960023
-1 0.443062 0.556938
-1 0.00261425 0.997386
1 0.709568 0.290432
1 0.757532 0.242468
-1 0.00543631 0.994564
-1 0.426528 0.573472
1 0.695247 0.304753
1 0.893787 0.106213
-1 0.1218 0.8782
1 0.929053 0.0709465
1 0.506023 0.493977
1 0.557465 0.442535
-1 0.307615 0.692385
1 0.991892 0.00810818
1 0.959983 0.0400171
-1 0.0143595 0.98564
1 0.961576 0.0384237
1 0.647508 0.352492
-1 0.00333628 0.996664
-1 0.229021 0.770979
1 0.827793 0.172207
-1 0.119849 0.880151
-1 0.0106196 0.98938
-1 0.0643538 0.935646
1 0.639923 0.360077
-1 0.0073133 0.992687
1 0.57276 0.42724
-1 0.00393039 0.99607
-1 0.025457 0.974543
-1 0.124529 0.875471
1 0.984992 0.0150084
1 0.75625 0.24375
-1 0.0403769 0.959623
1 0.938745 0.0612554
-1 0.00135532 0.998645
1 0.9765 0.0234996
-1 0.380103 0.619897
-1 0.254144 0.745856
-1 0.281125 0.718875
-1 0.107303 0.892697
-1 0.0308581 0.969142
-1 0.0259185 0.974082
1 0.630784 0.369216
-1 0.000130543 0.999869
1 0.734474 0.265526
-1 0.0293317 0.970668
1 0.810188 0.189812
-1 0.17113 0.82887
1 0.748852 0.251148
-1 0.0103937 0.989606
1 0.673081 0.326919
1 0.844088 0.155912
1 0.981747 0.0182529
1 0.665418 0.334582
-1 0.101559 0.898441
1 0.891457 0.108543
1 0.898872 0.101128
1 0.948796 0.0512039
1 0.869097 0.130903
-1 0.193117 0.806883
-1 0.337317 0.662683
1 0.997902 0.00209785
-1 0.0474402 0.95256
-1 0.0426557 0.957344
-1 0.0193696 0.98063
1 0.707913 0.292087
1 0.62779 0.37221
1 0.590976 0.409024
1 0.997801 0.00219915
1 0.661749 0.338251
-1 0.00185342 0.998147
1 0.630478 0.369522
1 0.628208 0.371792
1 0.846897 0.153103
-1 0.00880212 0.991198
-1 0.104698 0.895302
1 0.875337 0.124663
-1 0.0346515 0.965348
-1 0.00551703 0.994483
1 0.872229 0.127771
-1 0.350657 0.649343
-1 0.0105002 0.9895
-1 0.150839 0.849161
-1 0.0194282 0.980572
1 0.995871 0.00412897
-1 0.122582 0.877418
1 0.935545 0.0644552
-1 0.0306433 0.969357
-1 0.181441 0.818559
1 0.999716 0.000284379
-1 0.326277 0.673723
-1 0.472146 0.527854
-1 0.204001 0.795999
-1 0.0906966 0.909303
1 0.644874 0.355126
-1 0.171504 0.828496
1 0.891674 0.108326
1 0.844523 0.155477
-1 0.00219605 0.997804
-1 0.397774 0.602226
-1 0.347036 0.652964
1 0.971948 0.0280517
-1 0.0597765 0.940224
-1 0.165641 0.834359
1 0.921948 0.078052
-1 0.165847 0.834153
-1 0.00480086 0.995199
-1 0.270217 0.729783
-1 0.272731 0.727269
-1 0.0104092 0.989591
-1 0.0179394 0.982061
1 0.675132 0.324868
-1 0.0357554 0.964245
1 0.729254 0.270746
-1 0.161999 0.838001
1 0.98597 0.0140302
1 0.992048 0.0079516
-1 0.0204594 0.979541
1 0.730356 0.269644
-1 0.138036 0.861964
1 0.694411 0.305589
-1 0.0852894 0.914711
-1 0.383421 0.616579
1 0.982837 0.0171625
1 0.842276 0.157724
1 0.976427 0.0235731
-1 0.234769 0.765231
1 0.904116 0.0958841
-1 0.343816 0.656184
-1 0.339451 0.660549
-1 0.0207963 0.979204
1 0.774059 0.225941
1 0.673873 0.326127
-1 0.116174 0.883826
1 0.933527 0.0664732
-1 0.0475845 0.952415
1 0.669048 0.330952
1 0.939038 0.0609625
-1 0.0647909 0.935209
-1 0.349243 0.650757
-1 0.478791 0.521209
1 0.593242 0.406758
1 0.99844 0.00155991
1 0.913371 0.0866286
-1 0.409017 0.590983
-1 0.174113 0.825887
1 0.867864 0.132136
1 0.937868 0.0621325
1 0.982147 0.0178534
1 0.902913 0.0970868
-1 0.00666195 0.993338
1 0.989643 0.0103572
-1 0.383121 0.616879
1 0.714176 0.285824
1 0.903678 0.0963218
-1 0.232504 0.767496
-1 0.109232 0.890768
1 0.808246 0.191754
-1 0.0494428 0.950557
1 0.815332 0.184668
1 0.803235 0.196765
-1 0.32567 0.67433
-1 0.343031 0.656969
-1 0.0949523 0.905048
1 0.998956 0.00104432
-1 0.283217 0.716783
-1 0.35737 0.64263
1 0.981562 0.0184382
-1 0.150255 0.849745
1 0.897494 0.102506
1 0.665963 0.334037
1 0.724563 0.275437
-1 0.430465 0.569535
1 0.791949 0.208051
-1 0.0336183 0.966382
1 0.996473 0.00352722
-1 0.315007 0.684993
-1 0.458804 0.541196
-1 0.289438 0.710562
-1 0.236508 0.763492
-1 0.0131379 0.986862
-1 0.267308 0.732692
-1 0.0133117 0.986688
-1 0.0826707 0.917329
1 0.821072 0.178928
-1 0.405121 0.594879
-1 0.37408 0.62592
1 0.871277 0.128723
-1 0.258711 0.741289
-1 0.00177969 0.99822
-1 0.297572 0.702428
-1 0.113392 0.886608
1 0.983403 0.0165971
1 0.999768 0.00023223
-1 0.448836 0.551164
1 0.976131 0.0238694
-1 0.197366 0.802634
1 0.947687 0.0523128
-1 0.159842 0.840158
-1 0.394377 0.605623
1 0.712248 0.287752
1 0.804995 0.195005
1 0.846812 0.153188
-1 0.209555 0.790445
1 0.570233 0.429767
1 0.801079 0.198921
1 0.975181 0.024819
1 0.941722 0.0582776
1 0.887745 0.112255
-1 0.338689 0.661311
-1 0.00114471 0.998855
1 0.669378 0.330622
-1 0.0356568 0.964343
1 0.703817 0.296183
1 0.799194 0.200806
-1 0.430176 0.569824
1 0.596002 0.403998
-1 0.212995 0.787005
-1 0.233319 0.766681
-1 0.0884765 0.911523
-1 0.299712 0.700288
1 0.50654 0.49346
-1 0.00419749 0.995803
-1 0.253661 0.746339
-1 0.357916 0.642084
1 0.7048 0.2952
1 0.6692 0.3308
-1 0.00190741 0.998093
-1 0.0488806 0.951119
1 0.853594 0.146406
1 0.992608 0.00739163
-1 0.0989055 0.901095
1 0.61863 0.38137
1 0.75345 0.24655
1 0.997211 0.00278854
-1 0.00490038 0.9951
-1 0.2632 0.7368
1 0.659367 0.340633
-1 0.000179063 0.999821
1 0.528618 0.471382
1 0.932119 0.0678811
1 0.875353 0.124647
1 0.988103 0.011897
1 0.998209 0.00179105
1 0.714719 0.285281
-1 0.0109248 0.989075
-1 0.226697 0.773303
-1 0.0125591 0.987441
-1 0.221412 0.778588
1 0.904603 0.0953971
1 0.987803 0.0121969
-1 0.0293016 0.970698
1 0.724701 0.275299
1 0.775458 0.224542
-1 0.152952 0.847048
1 0.614978 0.385022
1 0.8753 0.1247
1 0.952481 0.0475191
1 0.858175 0.141825
1 0.615765 0.384235
-1 0.0442686 0.955731
-1 0.231219 0.768781
-1 0.0230066 0.976993
1 0.968831 0.0311695
1 0.612553 0.387447
-1 0.0516719 0.948328
-1 0.110674 0.889326
-1 0.00208693 0.997913
1 0.68558 0.31442
1 0.963307 0.0366932
-1 0.0253595 0.974641
-1 0.0579125 0.942088
1 0.546479 0.453521
-1 0.169642 0.830358
1 0.997869 0.00213135
1 0.54425 0.45575
1 0.513815 0.486185
-1 0.212843 0.787157
-1 0.243013 0.756987
-1 0.436039 0.563961
1 0.741726 0.258274
-1 0.261366 0.738634
-1 0.000523396 0.999477
1 0.977765 0.0222354
-1 0.350278 0.649722
1 0.714207 0.285793
1 0.986574 0.0134264
1 0.789034 0.210966
-1 0.0136724 0.986328
1 0.900999 0.0990012
-1 0.307839 0.692161
-1 0.327835 0.672165
-1 0.148815 0.851185
1 0.997681 0.00231898
1 0.591669 0.408331
1 0.998363 0.00163736
-1 0.174457 0.825543
1 0.67568 0.32432
1 0.900628 0.0993725
1 0.612506 0.387494
1 0.784949 0.215051
-1 0.109162 0.890838
1 0.985509 0.0144909
-1 0.0452855 0.954715
-1 0.0741575 0.925843
-1 0.0148147 0.985185
1 0.752475 0.247525
1 0.995734 0.00426576
-1 0.203001 0.796999
1 0.903983 0.0960168
-1 0.0603902 0.93961
-1 0.152976 0.847024
1 0.704648 0.295352
1 0.979272 0.0207276
-1 0.00822785 0.991772
-1 0.428075 0.571925
1 0.885035 0.114965
1 0.954368 0.0456324
-1 0.00823095 0.991769
-1 0.291123 0.708877
1 0.689815 0.310185
1 0.950922 0.0490785
1 0.828112 0.171888
-1 0.0129472 0.987053
1 0.780186 0.219814
-1 0.0100289 0.989971
-1 0.103344 0.896656
-1 0.0800076 0.919992
1 0.51516 0.48484
-1 0.00351503 0.996485
1 0.993581 0.00641949
-1 0.0046305 0.99537
1 0.708637 0.291363
1 0.992291 0.00770937
-1 0.0119647 0.988035
-1 0.440696 0.559304
-1 0.00516412 0.994836
1 0.931833 0.0681668
-1 0.0109211 0.989079
-1 0.0369862 0.963014
1 0.884653 0.115347
1 0.975162 0.0248378
-1 0.00546066 0.994539
1 0.945373 0.0546272
-1 0.129866 0.870134
1 0.95379 0.0462102
1 0.982242 0.0177579
1 0.993178 0.00682244
-1 0.37139 0.62861
1 0.898226 0.101774
1 0.68017 0.31983
-1 0.368049 0.631951
1 0.948609 0.0513907
-1 0.387187 0.612813
-1 0.00518131 0.994819
-1 0.249309 0.750691
1 0.864501 0.135499
-1 0.482108 0.517892
-1 0.268696 0.731304
-1 0.237928 0.762072
-1 0.147299 0.852701
1 0.849548 0.150452
1 0.88995 0.11005
-1 0.0186126 0.981387
-1 0.200045 0.799955
-1 0.148572 0.851428
-1 0.0478004 0.9522
1 0.533535 0.466465
1 0.737751 0.262249
-1 0.337724 0.662276
-1 0.0253713 0.974629
-1 0.487886 0.512114
1 0.968769 0.0312305
1 0.996668 0.00333204
-1 0.0120449 0.987955
-1 0.00210575 0.997894
-1 0.21083 0.78917
1 0.973166 0.026834
1 0.504583 0.495417
-1 0.0133389 0.986661
1 0.806837 0.193163
1 0.979472 0.0205279
1 0.531123 0.468877
-1 0.0369299 0.96307
-1 0.000707284 0.999293
1 0.994888 0.00511168
-1 0.370718 0.629282
-1 0.0819897 0.91801
1 0.955548 0.0444521
-1 0.0104149 0.989585
1 0.981376 0.0186235
-1 0.0112989 0.988701
-1 0.143016 0.856984
1 0.833979 0.166021
1 0.882106 0.117894
1 0.783675 0.216325
1 0.938657 0.061343
1 0.759512 0.240488
1 0.953835 0.0461652
1 0.715517 0.284483
1 0.607188 0.392812
-1 0.257642 0.742358
1 0.978438 0.0215622
1 0.56014 0.43986
-1 0.127194 0.872806
-1 0.288105 0.711895
-1 0.348508 0.651492
-1 0.0446491 0.955351
-1 0.112533 0.887467
1 0.847939 0.152061
-1 0.057696 0.942304
-1 0.466924 0.533076
1 0.974658 0.025342
-1 0.488054 0.511946
1 0.893421 0.106579
-1 0.0138226 0.986177
-1 0.0146836 0.985316
1 0.988726 0.0112741
-1 0.326775 0.673225
-1 0.282577 0.717423
-1 0.135667 0.864333
-1 0.00188198 0.998118
1 0.941951 0.0580488
-1 0.115509 0.884491
-1 0.0264354 0.973565
-1 0.230735 0.769265
-1 0.486755 0.513245
-1 0.0587512 0.941249
1 0.98947 0.0105299
1 0.854806 0.145194
-1 0.258693 0.741307
-1 0.150052 0.849948
-1 0.0378932 0.962107
1 0.96222 0.03778
-1 0.00104823 0.998952
-1 0.0322771 0.967723
-1 0.0679688 0.932031
-1 0.000998422 0.999002
1 0.597062 0.402938
1 0.79947 0.20053
1 0.843048 0.156952
1 0.868525 0.131475
1 0.778439 0.221561
1 0.919904 0.080096
1 0.684405 0.315595
1 0.569476 0.430524
1 0.537378 0.462622
1 0.94575 0.0542502
-1 0.0694306 0.930569
-1 0.415245 0.584755
1 0.96257 0.0374297
-1 0.0284895 0.97151
-1 0.124841 0.875159
-1 0.449811 0.550189
-1 0.244961 0.755039
1 0.875018 0.124982
1 0.872195 0.127805
-1 0.00647849 0.993522
-1 0.142594 0.857406
-1 0.0312855 0.968714
1 0.910639 0.0893615
-1 0.146143 0.853857
-1 0.290929 0.709071
1 0.997674 0.00232583
-1 0.446411 0.553589
1 0.522073 0.477927
-1 0.0286797 0.97132
1 0.506669 0.493331
1 0.681773 0.318227
1 0.968195 0.0318046
-1 0.000590762 0.999409
1 0.998663 0.00133656
-1 0.0874454 0.912555
1 0.981435 0.0185651
-1 0.00846046 0.99154
-1 0.102173 0.897827
-1 0.0480651 0.951935
1 0.721217 0.278783
1 0.856747 0.143253
1 0.960475 0.0395247
1 0.731815 0.268185
1 0.930541 0.0694586
1 0.980255 0.0197447
1 0.98871 0.0112904
1 0.870109 0.129891
-1 0.339222 0.660778
1 0.752675 0.247325
1 0.990199 0.00980053
-1 0.00430781 0.995692
-1 0.0106503 0.98935
1 0.975852 0.0241484
-1 0.292793 0.707207
-1 0.0810484 0.918952
1 0.877252 0.122748
-1 0.260113 0.739887
-1 0.158361 0.841639
1 0.540669 0.459331
1 0.995834 0.00416572
1 0.99813 0.00186994
-1 0.0964395 0.90356
1 0.989638 0.0103623
1 0.996042 0.00395842
-1 0.288008 0.711992
-1 0.455961 0.544039
1 0.994183 0.00581745
1 0.985112 0.0148877
-1 0.0516103 0.94839
1 0.650883 0.349117
1 0.558995 0.441005
1 0.980668 0.019332
-1 0.0505125 0.949488
1 0.648152 0.351848
1 0.771646 0.228354
-1 0.180292 0.819708
-1 0.328403 0.671597
-1 0.377401 0.622599
1 0.991127 0.00887336
1 0.861817 0.138183
1 0.637402 0.362598
1 0.972696 0.0273038
-1 0.00628755 0.993712
1 0.923102 0.0768981
-1 0.0688916 0.931108
1 0.750957 0.249043
1 0.862927 0.137073
1 0.799584 0.200416
1 0.988223 0.0117774
-1 0.0012247 0.998775
1 0.678165 0.321835
-1 0.025848 0.974152
-1 0.00811412 0.991886
-1 0.00412833 0.995872
-1 0.431988 0.568012
1 0.895136 0.104864
1 0.959995 0.0400046
1 0.84809 0.15191
-1 0.0188002 0.9812
1 0.863938 0.136062
1 0.948192 0.051808
-1 0.355077 0.644923
1 0.924605 0.0753947
-1 0.0825038 0.917496
1 0.850105 0.149895
-1 0.404694 0.595306
-1 0.400817 0.599183
-1 0.0258427 0.974157
1 0.552551 0.447449
1 0.690912 0.309088
-1 0.238272 0.761728
1 0.948509 0.0514911
-1 0.0172134 0.982787
1 0.960448 0.0395523
1 0.997081 0.00291947
-1 0.146156 0.853844
-1 0.0908875 0.909113
1 0.561428 0.438572
-1 0.0638531 0.936147
1 0.985347 0.0146535
-1 0.389728 0.610272
1 0.98075 0.0192498
-1 0.00289836 0.997102
1 0.606966 0.393034
-1 0.00446969 0.99553
-1 0.219132 0.780868
1 0.821589 0.178411
1 0.946967 0.0530325
1 0.996957 0.00304288
1 0.963964 0.0360356
-1 0.456191 0.543809
1 0.978047 0.0219533
1 0.636056 0.363944
1 0.925498 0.0745023
1 0.98274 0.0172599
1 0.976291 0.0237091
-1 0.0603145 0.939686
-1 0.00586368 0.994136
-1 0.0708416 0.929158
1 0.967589 0.0324105
-1 0.150737 0.849263
1 0.751947 0.248053
-1 0.00163978 0.99836
1 0.763202 0.236798
-1 0.0323642 0.967636
1 0.687097 0.312903
-1 0.202301 0.797699
1 0.642534 0.357466
1 0.718903 0.281097
-1 0.16054 0.83946
-1 0.0190709 0.980929
1 0.997814 0.00218647
-1 0.0767527 0.923247
-1 0.000606385 0.999394
1 0.995139 0.00486113
1 0.791061 0.208939
1 0.992088 0.00791239
-1 0.0404481 0.959552
-1 0.495646 0.504354
1 0.650726 0.349274
-1 0.498487 0.501513
-1 0.414807 0.585193
-1 0.0147122 0.985288
-1 0.0023624 0.997638
1 0.734872 0.265128
-1 0.00689785 0.993102
-1 0.477812 0.522188
1 0.88219 0.11781
-1 0.0534927 0.946507
-1 0.0261507 0.973849
-1 0.402436 0.597564
1 0.997672 0.00232814
-1 0.0183614 0.981639
-1 0.000997786 0.999002
1 0.995352 0.00464777
1 0.921886 0.0781139
-1 0.0244947 0.975505
-1 0.00690609 0.993094
-1 0.0949477 0.905052
-1 0.0350492 0.964951
1 0.873644 0.126356
-1 0.462481 0.537519
1 0.987803 0.0121966
1 0.91833 0.0816696
-1 0.450367 0.549633
-1 0.00267964 0.99732
1 0.568516 0.431484
1 0.838802 0.161198
-1 0.033835 0.966165
-1 0.0135018 0.986498
1 0.953078 0.0469219
-1 0.0746845 0.925316
-1 0.424661 0.575339
1 0.983384 0.0166163
-1 0.0627538 0.937246
1 0.723034 0.276966
-1 0.00628292 0.993717
1 0.52839 0.47161
1 0.789663 0.210337
-1 0.0312225 0.968777
1 0.994962 0.00503763
-1 0.270774 0.729226
-1 0.159127 0.840873
-1 0.294101 0.705899
1 0.988104 0.0118957
1 0.752213 0.247787
-1 0.0254516 0.974548
-1 0.293241 0.706759
-1 0.000683586 0.999316
1 0.50446 0.49554
-1 0.383126 0.616874
-1 0.466441 0.533559
-1 0.0210237 0.978976
1 0.874189 0.125811
1 0.967283 0.0327173
-1 0.051278 0.948722
-1 0.482409 0.517591
1 0.747875 0.252125
1 0.735416 0.264584
-1 0.249662 0.750338
-1 0.03396 0.96604
-1 0.0276392 0.972361
1 0.959787 0.0402126
1 0.995276 0.00472422
1 0.652989 0.347011
1 0.594692 0.405308
-1 0.489772 0.510228
-1 0.0432471 0.956753
-1 0.16857 0.83143
-1 0.369124 0.630876
-1 0.139506 0.860494
-1 0.0106265 0.989373
-1 0.00452288 0.995477
-1 0.158922 0.841078
1 0.59258 0.40742
1 0.636368 0.363632
1 0.793878 0.206122
-1 0.0437059 0.956294
-1 0.352762 0.647238
-1 0.0821237 0.917876
1 0.951529 0.0484713
-1 0.00663973 0.99336
-1 0.272471 0.727529
1 0.911756 0.0882444
-1 0.382065 0.617935
1 0.678237 0.321763
1 0.91113 0.0888701
1 0.960562 0.0394376
1 0.993989 0.00601074
-1 0.255972 0.744028
-1 0.0106583 0.989342
1 0.928673 0.0713271
-1 0.0595253 0.940475
1 0.782851 0.217149
1 0.999397 0.000602688
-1 0.0345333 0.965467
-1 0.0666207 0.933379
1 0.828062 0.171938
1 0.959631 0.040369
1 0.984034 0.0159656
-1 0.365267 0.634733
1 0.7751 0.2249
-1 0.00291583 0.997084
1 0.935183 0.0648172
1 0.883262 0.116738
-1 0.0372428 0.962757
1 0.627343 0.372657
1 0.781187 0.218813
-1 0.269354 0.730646
-1 0.0485698 0.95143
-1 0.427092 0.572908
1 0.995973 0.00402682
1 0.63899 0.36101
-1 0.0843253 0.915675
-1 0.0647882 0.935212
-1 0.0875939 0.912406
1 0.98815 0.01185
1 0.972749 0.0272508
-1 0.0331692 0.966831
1 0.98193 0.0180698
1 0.633427 0.366573
-1 0.331791 0.668209
1 0.996691 0.00330866
-1 0.220853 0.779147
1 0.579771 0.420229
-1 0.0171598 0.98284
-1 0.245014 0.754986
1 0.996046 0.0039539
-1 0.319905 0.680095
-1 0.282091 0.717909
-1 0.152913 0.847087
-1 0.00308947 0.996911
-1 0.18812 0.81188
1 0.949894 0.0501063
1 0.973868 0.0261323
1 0.690064 0.309936
-1 0.0825792 0.917421
1 0.783882 0.216118
-1 0.0295963 0.970404
-1 0.0586013 0.941399
-1 0.315134 0.684866
1 0.646429 0.353571
1 0.994849 0.00515075
-1 0.0207651 0.979235
1 0.972597 0.0274027
-1 0.334751 0.665249
-1 0.000720985 0.999279
1 0.989113 0.0108874
1 0.817312 0.182688
-1 0.00203431 0.997966
1 0.794709 0.205291
-1 0.0201435 0.979857
1 0.71649 0.28351
-1 0.213408 0.786592
-1 0.20881 0.79119
-1 0.00039792 0.999602
1 0.934041 0.0659586
1 0.884724 0.115276
-1 0.0653757 0.934624
-1 0.0805586 0.919441
-1 0.291029 0.708971
1 0.992676 0.00732375
-1 0.0242253 0.975775
1 0.973331 0.0266691
-1 0.15764 0.84236
1 0.861088 0.138912
1 0.757286 0.242714
-1 0.0872044 0.912796
-1 0.00157118 0.998429
1 0.978371 0.0216292
1 0.652745 0.347255
-1 0.0202109 0.979789
-1 0.0626891 0.937311
-1 0.00814839 0.991852
1 0.896517 0.103483
1 0.95002 0.04998
1 0.679417 0.320583
-1 0.0065556 0.993444
-1 0.00280101 0.997199
-1 0.000191693 0.999808
-1 0.0926341 0.907366
1 0.984682 0.0153176
-1 0.00295741 0.997043
1 0.983546 0.0164544
-1 0.343637 0.656363
1 0.925458 0.0745417
-1 0.173364 0.826636
-1 0.0219912 0.978009
-1 0.0155344 0.984466
-1 0.0056099 0.99439
1 0.920512 0.0794881
-1 0.0327312 0.967269
-1 0.157175 0.842825
1 0.85032 0.14968
1 0.815059 0.184941
1 0.987079 0.0129212
-1 0.132788 0.867212
-1 0.00520865 0.994791
-1 0.0500579 0.949942
-1 0.00819033 0.99181
-1 0.0405614 0.959439
1 0.850873 0.149127
-1 0.00450393 0.995496
1 0.790401 0.209599
1 0.624514 0.375486
1 0.594229 0.405771
1 0.989505 0.0104953
-1 0.0801599 0.91984
-1 0.0771945 0.922806
-1 0.015778 0.984222
-1 0.0142256 0.985774
1 0.975731 0.0242689
1 0.928864 0.0711361
-1 0.265082 0.734918
-1 0.278443 0.721557
1 0.985768 0.0142324
-1 0.00909812 0.990902
-1 0.00191673 0.998083
1 0.911271 0.0887292
-1 0.0253605 0.97464
1 0.942083 0.0579168
1 0.557524 0.442476
-1 0.104968 0.895032
1 0.938355 0.0616446
-1 0.358747 0.641253
1 0.746722 0.253278
-1 0.324618 0.675382
1 0.625146 0.374854
-1 0.0760774 0.923923
-1 0.191541 0.808459
1 0.984207 0.0157929
-1 0.120818 0.879182
1 0.997746 0.00225382
-1 0.0514124 0.948588
-1 0.397362 0.602638
1 0.897344 0.102656
-1 0.00090783 0.999092
1 0.979214 0.020786
-1 5.84913e-05 0.999942
1 0.997517 0.00248311
1 0.820829 0.179171
-1 0.065475 0.934525
-1 0.113624 0.886376
-1 0.286335 0.713665
-1 0.023784 0.976216
1 0.505858 0.494142
-1 0.10929 0.89071
-1 0.0153156 0.984684
1 0.639831 0.360169
1 0.870651 0.129349
-1 0.242115 0.757885
-1 0.292567 0.707433
-1 0.426041 0.573959
1 0.976916 0.0230839
-1 0.230531 0.769469
-1 0.0443297 0.95567
1 0.824464 0.175536
-1 0.0783175 0.921683
1 0.870516 0.129484
-1 0.0757189 0.924281
-1 0.0993548 0.900645
-1 0.252777 0.747223
-1 0.0304221 0.969578
-1 0.13539 0.86461
-1 0.0190119 0.980988
1 0.940775 0.0592248
1 0.987819 0.012181
-1 0.0324109 0.967589
-1 0.120674 0.879326
1 0.981199 0.0188007
1 0.993168 0.00683162
1 0.752251 0.247749
-1 0.470409 0.529591
1 0.980409 0.019591
1 0.9937 0.00629982
-1 0.465704 0.534296
1 0.7902 0.2098
-1 0.00310849 0.996892
1 0.987767 0.0122332
-1 0.0534124 0.946588
1 0.712748 0.287252
-1 0.00946475 0.990535
-1 4.35616e-05 0.999956
-1 0.0213131 0.978687
1 0.991331 0.00866927
-1 0.0332163 0.966784
-1 0.204169 0.795831
1 0.992129 0.00787053
-1 0.141402 0.858598
-1 0.401763 0.598237
1 0.777843 0.222157
-1 0.062553 0.937447
1 0.884504 0.115496
1 0.9805 0.0194998
-1 0.280627 0.719373
1 0.803064 0.196936
1 0.623403 0.376597
-1 0.0405787 0.959421
-1 0.0958175 0.904183
1 0.567178 0.432822
-1 0.305361 0.694639
-1 0.109806 0.890194
1 0.914759 0.0852415
1 0.985146 0.0148543
-1 0.0601497 0.93985
-1 0.0160615 0.983939
1 0.87728 0.12272
1 0.730208 0.269792
1 0.791292 0.208708
-1 0.00202058 0.997979
1 0.546831 0.453169
1 0.884547 0.115453
1 0.653053 0.346947
1 0.996629 0.00337061
-1 0.118491 0.881509
1 0.923918 0.0760819
-1 0.336692 0.663308
1 0.935717 0.064283
1 0.969133 0.0308665
-1 0.261545 0.738455
1 0.937866 0.0621339
-1 0.0111323 0.988868
-1 0.000797148 0.999203
1 0.941243 0.0587569
1 0.784392 0.215608
1 0.771806 0.228194
1 0.942026 0.057974
1 0.741374 0.258626
1 0.980465 0.0195346
-1 0.355999 0.644001
-1 0.123142 0.876858
1 0.594026 0.405974
1 0.99207 0.00792997
1 0.777195 0.222805
1 0.985057 0.0149432
1 0.779773 0.220227
1 0.993508 0.00649212
1 0.727537 0.272463
1 0.8143 0.1857
-1 0.310638 0.689362
-1 0.0210324 0.978968
-1 0.00147776 0.998522
-1 0.0807638 0.919236
-1 0.461643 0.538357
1 0.902537 0.0974629
-1 0.142541 0.857459
-1 0.0355905 0.964409
1 0.525732 0.474268
1 0.831006 0.168994
1 0.961694 0.0383055
1 0.54603 0.45397
-1 0.0206391 0.979361
-1 0.307704 0.692296
1 0.838441 0.161559
-1 0.416832 0.583168
1 0.958036 0.0419638
1 0.906905 0.0930946
-1 0.329496 0.670504
-1 0.0623791 0.937621
1 0.576639 0.423361
-1 0.0226433 0.977357
1 0.77445 0.22555
-1 0.00315903 0.996841
1 0.565927 0.434073
-1 0.284104 0.715896
1 0.926217 0.0737827
-1 0.0385846 0.961415
1 0.58111 0.41889
1 0.842414 0.157586
1 0.864181 0.135819
1 0.975767 0.0242328
1 0.66979 0.33021
-1 0.109589 0.890411
-1 0.00114504 0.998855
-1 0.000521596 0.999478
-1 0.0499583 0.950042
-1 0.361261 0.638739
1 0.885455 0.114545
-1 0.00181664 0.998183
-1 0.0808311 0.919169
1 0.93638 0.0636199
-1 0.494284 0.505716
1 0.966152 0.0338479
1 0.908236 0.0917635
-1 0.0389821 0.961018
1 0.950694 0.0493062
-1 0.480773 0.519227
1 0.98421 0.0157904
1 0.635394 0.364606
-1 0.266761 0.733239
-1 0.498153 0.501847
1 0.974315 0.0256853
-1 0.000748013 0.999252
-1 0.227854 0.772146
-1 0.000916471 0.999084
1 0.99524 0.0047604
-1 0.0109223 0.989078
-1 0.189388 0.810612
1 0.996268 0.0037324
-1 0.00531718 0.994683
1 0.87861 0.12139
-1 0.0173139 0.982686
1 0.804146 0.195854
1 0.66979 0.33021
1 0.990349 0.00965061
-1 0.0297798 0.97022
1 0.690769 0.309231
-1 0.0304221 0.969578
-1 0.490072 0.509928
1 0.897956 0.102044
-1 0.0470927 0.952907
-1 0.00850682 0.991493
-1 0.0777371 0.922263
1 0.642117 0.357883
-1 0.0332555 0.966745
1 0.99773 0.00226984
-1 0.401775 0.598225
-1 0.116871 0.883129
1 0.995945 0.00405515
-1 0.451404 0.548596
1 0.888555 0.111445
-1 0.254705 0.745295
-1 0.19084 0.80916
-1 0.448835 0.551165
1 0.636479 0.363521
1 0.564021 0.435979
-1 0.267564 0.732436
-1 0.0387926 0.961207
-1 0.104935 0.895065
-1 0.416883 0.583117
1 0.541267 0.458733
-1 0.202561 0.797439
-1 0.0430268 0.956973
-1 0.0125576 0.987442
-1 0.0266501 0.97335
1 0.804641 0.195359
-1 0.0167554 0.983245
-1 0.158604 0.841396
-1 0.126144 0.873856
1 0.805346 0.194654
-1 0.067859 0.932141
1 0.559115 0.440885
1 0.942279 0.0577215
1 0.953996 0.0460044
1 0.62881 0.37119
1 0.93857 0.0614299
-1 0.289899 0.710101
1 0.995636 0.00436372
-1 0.315426 0.684574
1 0.6338 0.3662
1 0.599886 0.400114
-1 0.354625 0.645375
1 0.979017 0.0209831
1 0.991551 0.00844865
-1 0.0976776 0.902322
-1 0.0487257 0.951274
-1 0.251248 0.748752
1 0.985753 0.0142474
1 0.773724 0.226276
-1 0.000152465 0.999848
-1 0.0251128 0.974887
1 0.99836 0.00163971
-1 0.468143 0.531857
1 0.995697 0.00430333
-1 0.014854 0.985146
-1 0.00196116 0.998039
-1 0.348129 0.651871
1 0.998711 0.00128898
1 0.987763 0.012237
1 0.840003 0.159997
1 0.801703 0.198297
-1 0.000428815 0.999571
-1 0.121053 0.878947
-1 0.083008 0.916992
-1 0.205132 0.794868
-1 0.0296867 0.970313
-1 0.369824 0.630176
1 0.923795 0.0762047
-1 0.176344 0.823656
1 0.601407 0.398593
-1 0.00145053 0.998549
-1 0.384454 0.615546
-1 0.429394 0.570606
-1 0.000502335 0.999498
1 0.90354 0.0964601
1 0.949516 0.0504842
1 0.51574 0.48426
1 0.958956 0.0410439
-1 0.184817 0.815183
1 0.821453 0.178547
1 0.83728 0.16272
-1 0.295432 0.704568
1 0.736122 0.263878
1 0.66457 0.33543
1 0.988212 0.0117876
1 0.963915 0.0360849
-1 0.0384132 0.961587
1 0.560909 0.439091
1 0.897395 0.102605
1 0.531667 0.468333
-1 0.015802 0.984198
-1 0.10506 0.89494
-1 0.0056431 0.994357
-1 0.159235 0.840765
-1 0.0043988 0.995601
-1 0.0133479 0.986652
1 0.916986 0.0830142
-1 0.229792 0.770208
1 0.816546 0.183454
1 0.99495 0.00504973
-1 0.162476 0.837524
-1 0.0439721 0.956028
-1 0.114734 0.885266
-1 0.0906966 0.909303
1 0.827275 0.172725
-1 0.361617 0.638383
-1 0.406144 0.593856
-1 0.0130422 0.986958
-1 0.123542 0.876458
-1 0.0479158 0.952084
-1 0.332132 0.667868
1 0.883875 0.116125
-1 0.0056906 0.994309
1 0.615886 0.384114
-1 0.0263046 0.973695
1 0.965669 0.0343305
-1 0.197769 0.802231
1 0.744276 0.255724
-1 0.139287 0.860713
-1 0.0297711 0.970229
1 0.981991 0.0180091
-1 0.496666 0.503334
-1 0.244138 0.755862
-1 0.068279 0.931721
-1 0.0676456 0.932354
1 0.882245 0.117755
-1 0.259404 0.740596
1 0.875901 0.124099
1 0.98932 0.0106799
-1 0.476775 0.523225
1 0.862106 0.137894
1 0.987242 0.0127584
1 0.975211 0.0247886
-1 0.332819 0.667181
-1 0.0342664 0.965734
1 0.972878 0.0271222
1 0.78555 0.21445
-1 0.0854984 0.914502
-1 0.0556999 0.9443
1 0.89256 0.10744
1 0.942116 0.0578843
1 0.722734 0.277266
1 0.994544 0.00545647
-1 0.00543734 0.994563
-1 0.040352 0.959648
-1 0.00234755 0.997652
-1 0.0136761 0.986324
1 0.930903 0.0690966
-1 0.0320273 0.967973
-1 0.354657 0.645343
1 0.94527 0.0547304
1 0.991074 0.00892564
1 0.524904 0.475096
-1 0.00473771 0.995262
1 0.900766 0.0992342
-1 0.473121 0.526879
1 0.939848 0.0601518
-1 0.0471498 0.95285
-1 0.270828 0.729172
-1 0.0144463 0.985554
-1 0.00253108 0.997469
-1 0.0430715 0.956928
1 0.669239 0.330761
-1 0.00770586 0.992294
-1 0.275215 0.724785
-1 0.471808 0.528192
-1 0.0151748 0.984825
-1 0.0160916 0.983908
-1 0.216358 0.783642
1 0.944382 0.0556181
-1 0.0841142 0.915886
-1 0.0607614 0.939239
1 0.989708 0.010292
-1 0.0147803 0.98522
-1 0.00169255 0.998307
-1 0.0857778 0.914222
-1 0.0244522 0.975548
1 0.995828 0.00417165
1 0.763525 0.236475
-1 0.0991143 0.900886
1 0.934752 0.0652481
1 0.88206 0.11794
-1 0.0144114 0.985589
1 0.794079 0.205921
1 0.501803 0.498197
1 0.978689 0.0213108
1 0.962519 0.0374806
-1 0.00116715 0.998833
-1 0.21501 0.78499
1 0.873315 0.126685
-1 0.0786932 0.921307
1 0.576625 0.423375
-1 0.171785 0.828215
-1 0.213314 0.786686
-1 0.0662569 0.933743
-1 0.0107086 0.989291
1 0.702096 0.297904
1 0.78656 0.21344
-1 5.68128e-05 0.999943
1 0.649459 0.350541
1 0.840373 0.159627
-1 0.0379685 0.962031
-1 0.162304 0.837696
-1 0.0230423 0.976958
1 0.817911 0.182089
-1 0.00438607 0.995614
-1 0.223465 0.776535
-1 0.333829 0.666171
1 0.533325 0.466675
1 0.969384 0.0306158
-1 0.376116 0.623884
1 0.99649 0.00350959
1 0.996288 0.00371189
1 0.998753 0.00124693
-1 0.0118946 0.988105
-1 0.0199579 0.980042
1 0.616048 0.383952
1 0.842172 0.157828
-1 0.152544 0.847456
-1 0.469587 0.530413
-1 0.0818847 0.918115
1 0.953156 0.0468438
-1 0.378013 0.621987
1 0.986999 0.0130007
-1 0.00757564 0.992424
-1 0.450031 0.549969
1 0.794159 0.205841
1 0.988715 0.0112852
-1 0.0324999 0.9675
-1 0.0998428 0.900157
1 0.935218 0.0647816
-1 0.253584 0.746416
1 0.667911 0.332089
1 0.987495 0.0125054
-1 0.215832 0.784168
1 0.962781 0.0372192
-1 0.154114 0.845886
-1 0.00295778 0.997042
1 0.506159 0.493841
1 0.532144 0.467856
-1 0.0288338 0.971166
1 0.662458 0.337542
1 0.832889 0.167111
-1 0.00181611 0.998184
-1 0.0145312 0.985469
1 0.938628 0.0613724
1 0.994004 0.00599552
-1 0.48657 0.51343
1 0.680428 0.319572
-1 0.150092 0.849908
-1 0.467978 0.532022
-1 0.141108 0.858892
-1 0.00203 0.99797
1 0.909523 0.0904774
1 0.803016 0.196984
1 0.701626 0.298374
1 0.816526 0.183474
1 0.989646 0.0103539
-1 0.0676596 0.93234
1 0.666538 0.333462
1 0.850866 0.149134
-1 0.441455 0.558545
1 0.663121 0.336879
-1 0.00147707 0.998523
-1 0.00860307 0.991397
-1 0.151652 0.848348
-1 0.217771 0.782229
-1 0.0231284 0.976872
1 0.912234 0.0877661
1 0.919857 0.0801427
1 0.93107 0.0689301
1 0.838144 0.161856
1 0.994916 0.00508381
-1 0.0294259 0.970574
-1 0.1439 0.8561
1 0.987576 0.0124237
1 0.502395 0.497605
-1 0.0356888 0.964311
-1 0.477039 0.522961
1 0.889663 0.110337
-1 0.00311348 0.996887
1 0.771339 0.228661
1 0.929488 0.0705125
1 0.526911 0.473089
1 0.590039 0.409961
1 0.942656 0.0573437
-1 0.211597 0.788403
-1 0.400107 0.599893
1 0.910937 0.0890627
-1 0.0171213 0.982879
-1 0.344922 0.655078
-1 0.215449 0.784551
-1 0.0556454 0.944355
1 0.830017 0.169983
1 0.89406 0.10594
1 0.889536 0.110464
-1 0.00657613 0.993424
-1 0.190394 0.809606
1 0.634188 0.365812
1 0.682774 0.317226
-1 0.0319989 0.968001
-1 0.238008 0.761992
-1 0.286724 0.713276
1 0.893121 0.106879
1 0.96053 0.0394697
1 0.988632 0.0113683
-1 0.0423277 0.957672
-1 0.0983103 0.90169
1 0.998109 0.00189086
-1 0.270771 0.729229
-1 0.0155191 0.984481
1 0.933935 0.0660654
1 0.675031 0.324969
-1 0.00985106 0.990149
1 0.997135 0.00286463
-1 0.000919808 0.99908
-1 0.0489344 0.951066
-1 0.0546206 0.945379
-1 0.118858 0.881142
1 0.995365 0.00463524
1 0.902601 0.0973991
-1 0.0180516 0.981948
-1 0.491318 0.508682
1 0.602296 0.397704
-1 0.142707 0.857293
1 0.631437 0.368563
1 0.68853 0.31147
-1 0.0706944 0.929306
-1 0.0151782 0.984822
-1 0.184355 0.815645
1 0.976571 0.0234287
1 0.551006 0.448994
1 0.540759 0.459241
-1 0.0454076 0.954592
1 0.899209 0.100791
-1 0.406094 0.593906
-1 0.42394 0.57606
-1 0.435094 0.564906
1 0.649781 0.350219
-1 0.0225983 0.977402
1 0.928449 0.0715505
-1 0.0953936 0.904606
-1 0.0656755 0.934325
1 0.51266 0.48734
1 0.865526 0.134474
-1 0.23235 0.76765
-1 0.0701109 0.929889
-1 0.287672 0.712328
-1 0.14047 0.85953
-1 0.137551 0.862449
1 0.513276 0.486724
-1 0.372207 0.627793
1 0.553612 0.446388
1 0.934974 0.0650256
-1 0.123807 0.876193
-1 0.459495 0.540505
-1 0.0322351 0.967765
-1 0.0749123 0.925088
-1 0.234707 0.765293
1 0.577232 0.422768
1 0.758112 0.241888
-1 0.110622 0.889378
1 0.986179 0.0138205
-1 0.000380905 0.999619
-1 0.158571 0.841429
-1 0.391101 0.608899
1 0.784301 0.215699
-1 0.293446 0.706554
1 0.766803 0.233197
-1 0.372135 0.627865
-1 0.485437 0.514563
-1 0.434686 0.565314
-1 0.48836 0.51164
1 0.950933 0.0490666
-1 0.0528241 0.947176
-1 0.295929 0.704071
1 0.990569 0.00943068
-1 0.00347203 0.996528
1 0.975589 0.0244114
1 0.998846 0.00115353
-1 0.115655 0.884345
1 0.991747 0.00825318
-1 0.00151258 0.998487
1 0.537397 0.462603
1 0.96397 0.0360298
-1 0.0301394 0.969861
-1 0.033334 0.966666
-1 0.000302094 0.999698
1 0.996989 0.00301142
-1 0.00993922 0.990061
1 0.788609 0.211391
1 0.966993 0.0330071
-1 0.0374242 0.962576
1 0.61781 0.38219
1 0.527475 0.472525
-1 0.354292 0.645708
1 0.760667 0.239333
-1 0.0382028 0.961797
1 0.900908 0.0990917
-1 0.220753 0.779247
-1 0.195718 0.804282
-1 0.455555 0.544445
1 0.774654 0.225346
-1 0.127795 0.872205
1 0.985583 0.0144167
-1 0.446366 0.553634
1 0.784315 0.215685
-1 0.369206 0.630794
1 0.648904 0.351096
-1 0.0135389 0.986461
-1 0.00969552 0.990304
-1 0.000787061 0.999213
1 0.538773 0.461227
-1 0.0235298 0.97647
1 0.976886 0.0231142
-1 0.0972736 0.902726
-1 0.477658 0.522342
-1 0.00771018 0.99229
-1 0.325113 0.674887
-1 0.0100289 0.989971
1 0.645322 0.354678
1 0.702413 0.297587
-1 0.47641 0.52359
1 0.553979 0.446021
1 0.983584 0.016416
-1 0.0769748 0.923025
-1 0.113945 0.886055
1 0.988616 0.0113843
-1 0.0424883 0.957512
1 0.99787 0.0021297
1 0.9428 0.0572003
1 0.975693 0.0243074
1 0.598754 0.401246
1 0.517959 0.482041
-1 0.0822252 0.917775
-1 0.209839 0.790161
1 0.88601 0.11399
-1 0.0292447 0.970755
1 0.61827 0.38173
-1 0.404237 0.595763
-1 0.00312658 0.996873
-1 0.0606415 0.939359
1 0.891088 0.108912
1 0.611801 0.388199
1 0.979115 0.0208849
-1 0.0758483 0.924152
-1 0.164748 0.835252
-1 0.192134 0.807866
1 0.74389 0.25611
-1 0.0177366 0.982263
1 0.888251 0.111749
1 0.556976 0.443024
-1 0.184531 0.815469
1 0.744296 0.255704
1 0.988166 0.0118343
-1 0.039538 0.960462
1 0.912484 0.0875158
-1 0.288071 0.711929
-1 0.0888718 0.911128
1 0.793877 0.206123
1 0.934582 0.0654178
1 0.725069 0.274931
-1 0.00406987 0.99593
1 0.509229 0.490771
-1 0.132023 0.867977
1 0.952926 0.0470745
1 0.961819 0.0381811
-1 0.00316099 0.996839
-1 0.0891975 0.910802
1 0.548326 0.451674
1 0.904349 0.0956505
-1 0.0220538 0.977946
-1 0.245254 0.754746
-1 0.0237424 0.976258
-1 0.0422259 0.957774
1 0.676966 0.323034
1 0.841806 0.158194
1 0.999819 0.000180514
-1 0.000877191 0.999123
-1 0.0884763 0.911524
-1 0.119615 0.880385
1 0.72026 0.27974
1 0.576463 0.423537
1 0.995791 0.00420926
-1 0.401993 0.598007
-1 0.0232973 0.976703
1 0.892983 0.107017
-1 0.468993 0.531007
1 0.92854 0.0714599
-1 0.358855 0.641145
-1 0.00346712 0.996533
1 0.957364 0.042636
1 0.993694 0.00630594
-1 0.128639 0.871361
1 0.765206 0.234794
1 0.982391 0.0176091
1 0.890196 0.109804
-1 0.39768 0.60232
1 0.971985 0.0280148
1 0.982794 0.0172059
-1 0.159883 0.840117
1 0.526477 0.473523
-1 0.00255409 0.997446
-1 0.125085 0.874915
1 0.981228 0.0187715
-1 0.00720447 0.992796
-1 0.363787 0.636213
1 0.684258 0.315742
-1 0.240247 0.759753
-1 0.0218669 0.978133
-1 0.00527534 0.994725
1 0.538858 0.461142
1 0.983688 0.0163117
1 0.97815 0.0218501
1 0.86164 0.13836
-1 0.417089 0.582911
-1 0.0799381 0.920062
-1 0.102023 0.897977
-1 0.484653 0.515347
-1 0.147107 0.852893
1 0.838057 0.161943
-1 0.000364132 0.999636
1 0.619059 0.380941
1 0.632591 0.367409
1 0.872988 0.127012
-1 0.0211652 0.978835
-1 0.0326537 0.967346
1 0.596359 0.403641
-1 0.268522 0.731478
-1 0.00362383 0.996376
-1 0.000162791 0.999837
1 0.991629 0.00837073
-1 0.491347 0.508653
1 0.814997 0.185003
-1 0.139548 0.860452
-1 0.110188 0.889812
-1 0.196666 0.803334
1 0.99254 0.00746022
1 0.664303 0.335697
-1 0.0739617 0.926038
1 0.718323 0.281677
1 0.984623 0.0153772
1 0.985568 0.014432
1 0.991556 0.00844389
-1 0.280849 0.719151
-1 0.000168976 0.999831
-1 0.174854 0.825146
-1 0.00715417 0.992846
1 0.530115 0.469885
-1 0.00294894 0.997051
1 0.865471 0.134529
1 0.844424 0.155576
-1 0.141559 0.858441
1 0.841225 0.158775
1 0.978989 0.0210115
1 0.527399 0.472601
1 0.854241 0.145759
-1 0.28558 0.71442
1 0.683014 0.316986
1 0.732395 0.267605
1 0.951324 0.048676
-1 0.00502956 0.99497
-1 0.0212882 0.978712
-1 0.23977 0.76023
-1 0.215807 0.784193
1 0.745867 0.254133
-1 0.183559 0.816441
1 0.955345 0.0446552
-1 0.00328252 0.996717
1 0.691322 0.308678
1 0.579191 0.420809
1 0.942004 0.0579963
1 0.935635 0.0643655
1 0.945404 0.054596
1 0.507286 0.492714
1 0.672418 0.327582
1 0.971982 0.0280182
1 0.815471 0.184529
-1 0.111472 0.888528
1 0.923219 0.0767813
1 0.973115 0.0268853
1 0.918654 0.0813457
-1 0.00845582 0.991544
-1 0.0680854 0.931915
